{
  "type": "FeatureCollection",
  "features": [
    {
      "type": "Feature",
      "properties": {
        "name": "Idhan Mourzouq",
        "category": "erg",
        "countries": [
          "LY"
        ],
        "labelMinzoom": 3,
        "labelMinSize": 20,
        "labelMaxSize": 50,
        "labelCoordinates": [
          12.9,
          25.3
        ]
      },
      "geometry": {
        "type": "Polygon",
        "coordinates": [
          [
            [
              11.7347,
              24.6677
            ],
            [
              11.7354,
              24.6506
            ],
            [
              11.7405,
              24.6321
            ],
            [
              11.73,
              24.626
            ],
            [
              11.7396,
              24.6109
            ],
            [
              11.7571,
              24.6113
            ],
            [
              11.7497,
              24.5959
            ],
            [
              11.7343,
              24.6017
            ],
            [
              11.7198,
              24.6164
            ],
            [
              11.713,
              24.5883
            ],
            [
              11.7096,
              24.5597
            ],
            [
              11.714,
              24.547
            ],
            [
              11.7271,
              24.5469
            ],
            [
              11.7324,
              24.5361
            ],
            [
              11.7507,
              24.5287
            ],
            [
              11.7632,
              24.5269
            ],
            [
              11.7688,
              24.5139
            ],
            [
              11.7884,
              24.4964
            ],
            [
              11.7692,
              24.4928
            ],
            [
              11.7613,
              24.4988
            ],
            [
              11.7428,
              24.5048
            ],
            [
              11.7343,
              24.5172
            ],
            [
              11.7028,
              24.5339
            ],
            [
              11.6956,
              24.5311
            ],
            [
              11.6782,
              24.5104
            ],
            [
              11.6821,
              24.4946
            ],
            [
              11.6743,
              24.484
            ],
            [
              11.6698,
              24.4649
            ],
            [
              11.6698,
              24.4329
            ],
            [
              11.6804,
              24.3864
            ],
            [
              11.6653,
              24.3578
            ],
            [
              11.649,
              24.332
            ],
            [
              11.6221,
              24.3219
            ],
            [
              11.5868,
              24.2966
            ],
            [
              11.5722,
              24.2647
            ],
            [
              11.575,
              24.2518
            ],
            [
              11.5969,
              24.2607
            ],
            [
              11.6103,
              24.2619
            ],
            [
              11.5969,
              24.2411
            ],
            [
              11.5868,
              24.2181
            ],
            [
              11.5857,
              24.1957
            ],
            [
              11.5941,
              24.1794
            ],
            [
              11.5829,
              24.162
            ],
            [
              11.5901,
              24.1458
            ],
            [
              11.612,
              24.1244
            ],
            [
              11.6305,
              24.1239
            ],
            [
              11.6518,
              24.1155
            ],
            [
              11.6647,
              24.0914
            ],
            [
              11.6597,
              24.0756
            ],
            [
              11.6434,
              24.0465
            ],
            [
              11.5823,
              23.9881
            ],
            [
              11.5817,
              23.968
            ],
            [
              11.5958,
              23.9567
            ],
            [
              11.6339,
              23.9612
            ],
            [
              11.6614,
              23.9736
            ],
            [
              11.6934,
              23.9938
            ],
            [
              11.7086,
              23.9996
            ],
            [
              11.7388,
              23.9979
            ],
            [
              11.7633,
              23.993
            ],
            [
              11.7768,
              23.9964
            ],
            [
              11.786,
              24.0032
            ],
            [
              11.7962,
              24.0041
            ],
            [
              11.8311,
              23.9934
            ],
            [
              11.8621,
              23.9088
            ],
            [
              11.7633,
              23.7894
            ],
            [
              11.867,
              23.7791
            ],
            [
              11.9641,
              23.7869
            ],
            [
              11.9957,
              23.7775
            ],
            [
              11.8824,
              23.7627
            ],
            [
              11.9435,
              23.7316
            ],
            [
              11.9473,
              23.6964
            ],
            [
              12.099,
              23.6316
            ],
            [
              12.1045,
              23.6401
            ],
            [
              12.138,
              23.6409
            ],
            [
              12.1488,
              23.6338
            ],
            [
              12.1747,
              23.6398
            ],
            [
              12.171,
              23.6214
            ],
            [
              12.1778,
              23.6109
            ],
            [
              12.2226,
              23.6329
            ],
            [
              12.2431,
              23.6184
            ],
            [
              12.2303,
              23.5851
            ],
            [
              12.1948,
              23.5728
            ],
            [
              12.1804,
              23.5218
            ],
            [
              12.1444,
              23.4503
            ],
            [
              12.2171,
              23.5102
            ],
            [
              12.2427,
              23.4765
            ],
            [
              12.2738,
              23.4546
            ],
            [
              12.2348,
              23.3938
            ],
            [
              12.1711,
              23.3249
            ],
            [
              12.2038,
              23.2997
            ],
            [
              12.2508,
              23.3224
            ],
            [
              12.3037,
              23.369
            ],
            [
              12.3013,
              23.3196
            ],
            [
              12.2793,
              23.3025
            ],
            [
              12.2748,
              23.242
            ],
            [
              12.236,
              23.1792
            ],
            [
              12.2669,
              23.1647
            ],
            [
              12.384,
              23.2615
            ],
            [
              12.4801,
              23.2757
            ],
            [
              12.5385,
              23.2562
            ],
            [
              12.6237,
              23.2996
            ],
            [
              12.6806,
              23.2499
            ],
            [
              12.7479,
              23.2574
            ],
            [
              12.8221,
              23.3304
            ],
            [
              12.8427,
              23.3419
            ],
            [
              12.865,
              23.3377
            ],
            [
              12.869,
              23.2602
            ],
            [
              12.9803,
              23.2502
            ],
            [
              13.1029,
              23.2429
            ],
            [
              13.2352,
              23.3076
            ],
            [
              13.3521,
              23.4328
            ],
            [
              13.4207,
              23.5641
            ],
            [
              13.6819,
              23.6897
            ],
            [
              13.804,
              23.8221
            ],
            [
              13.9473,
              23.9967
            ],
            [
              14.1168,
              24.2038
            ],
            [
              14.2255,
              24.3018
            ],
            [
              14.2556,
              24.3505
            ],
            [
              14.293,
              24.3947
            ],
            [
              14.3169,
              24.4135
            ],
            [
              14.4491,
              24.6113
            ],
            [
              14.486,
              24.6525
            ],
            [
              14.5061,
              24.689
            ],
            [
              14.4934,
              24.7044
            ],
            [
              14.4764,
              24.7426
            ],
            [
              14.488,
              24.7779
            ],
            [
              14.4899,
              24.8159
            ],
            [
              14.4783,
              24.8235
            ],
            [
              14.4826,
              24.8556
            ],
            [
              14.4987,
              24.9051
            ],
            [
              14.5327,
              24.967
            ],
            [
              14.7289,
              25.388
            ],
            [
              14.7432,
              25.5521
            ],
            [
              14.7661,
              25.6045
            ],
            [
              14.7436,
              25.6916
            ],
            [
              14.7665,
              25.7647
            ],
            [
              14.8188,
              25.8518
            ],
            [
              14.8787,
              25.9119
            ],
            [
              14.9497,
              25.9234
            ],
            [
              15.0411,
              25.9601
            ],
            [
              15.1172,
              25.9752
            ],
            [
              15.1613,
              25.9995
            ],
            [
              15.2729,
              26.0316
            ],
            [
              15.2946,
              26.0369
            ],
            [
              15.3151,
              26.0385
            ],
            [
              15.3385,
              26.034
            ],
            [
              15.3817,
              26.0355
            ],
            [
              15.4002,
              26.043
            ],
            [
              15.4386,
              26.0618
            ],
            [
              15.4937,
              26.0853
            ],
            [
              15.5228,
              26.1139
            ],
            [
              15.5519,
              26.1264
            ],
            [
              15.5654,
              26.124
            ],
            [
              15.5923,
              26.1026
            ],
            [
              15.6153,
              26.0994
            ],
            [
              15.6229,
              26.0828
            ],
            [
              15.6237,
              26.0622
            ],
            [
              15.6032,
              26.0381
            ],
            [
              15.5703,
              26.0149
            ],
            [
              15.6067,
              26.0247
            ],
            [
              15.6418,
              26.0367
            ],
            [
              15.686,
              26.067
            ],
            [
              15.7182,
              26.0816
            ],
            [
              15.7564,
              26.1067
            ],
            [
              15.8083,
              26.1439
            ],
            [
              15.8519,
              26.1787
            ],
            [
              15.8933,
              26.2032
            ],
            [
              15.9195,
              26.2247
            ],
            [
              15.9486,
              26.2378
            ],
            [
              15.9772,
              26.2452
            ],
            [
              16.0605,
              26.2947
            ],
            [
              16.0905,
              26.2953
            ],
            [
              16.1229,
              26.309
            ],
            [
              16.146,
              26.3243
            ],
            [
              16.1577,
              26.3462
            ],
            [
              16.1667,
              26.3682
            ],
            [
              16.1839,
              26.3933
            ],
            [
              16.177,
              26.4179
            ],
            [
              16.1503,
              26.4229
            ],
            [
              16.0959,
              26.4173
            ],
            [
              16.0507,
              26.4186
            ],
            [
              15.9961,
              26.4093
            ],
            [
              15.946,
              26.3992
            ],
            [
              15.8482,
              26.378
            ],
            [
              15.787,
              26.3674
            ],
            [
              15.7844,
              26.3859
            ],
            [
              15.7693,
              26.3746
            ],
            [
              15.7637,
              26.3652
            ],
            [
              15.7284,
              26.3482
            ],
            [
              15.6944,
              26.3211
            ],
            [
              15.6651,
              26.2922
            ],
            [
              15.6475,
              26.277
            ],
            [
              15.5886,
              26.2404
            ],
            [
              15.5484,
              26.2235
            ],
            [
              15.4103,
              26.1815
            ],
            [
              15.3095,
              26.1569
            ],
            [
              15.2717,
              26.1438
            ],
            [
              15.1393,
              26.1202
            ],
            [
              15.1157,
              26.1355
            ],
            [
              14.9831,
              26.1197
            ],
            [
              14.9383,
              26.1222
            ],
            [
              14.9363,
              26.1162
            ],
            [
              14.9533,
              26.1093
            ],
            [
              14.9741,
              26.1116
            ],
            [
              14.9872,
              26.1056
            ],
            [
              14.955,
              26.0929
            ],
            [
              14.8937,
              26.0831
            ],
            [
              14.8394,
              26.0617
            ],
            [
              14.7803,
              26.0303
            ],
            [
              14.7381,
              25.9997
            ],
            [
              14.7248,
              25.9829
            ],
            [
              14.6827,
              25.9618
            ],
            [
              14.6785,
              25.9484
            ],
            [
              14.6463,
              25.9306
            ],
            [
              14.6228,
              25.9052
            ],
            [
              14.5569,
              25.8607
            ],
            [
              14.4952,
              25.8543
            ],
            [
              14.3672,
              25.8553
            ],
            [
              14.2482,
              25.8152
            ],
            [
              14.1743,
              25.7707
            ],
            [
              14.0863,
              25.7735
            ],
            [
              14.0158,
              25.7987
            ],
            [
              13.9071,
              25.864
            ],
            [
              13.8303,
              25.919
            ],
            [
              13.7453,
              25.9562
            ],
            [
              13.6378,
              25.9738
            ],
            [
              13.5244,
              25.9983
            ],
            [
              13.2202,
              26.0085
            ],
            [
              13.1558,
              25.9798
            ],
            [
              13.1137,
              25.977
            ],
            [
              13.0021,
              25.9767
            ],
            [
              12.7344,
              25.9591
            ],
            [
              12.6839,
              25.9607
            ],
            [
              12.6451,
              25.9497
            ],
            [
              12.6163,
              25.9377
            ],
            [
              12.5897,
              25.9236
            ],
            [
              12.5505,
              25.8926
            ],
            [
              12.4634,
              25.8421
            ],
            [
              12.4721,
              25.8092
            ],
            [
              12.3956,
              25.7625
            ],
            [
              12.4101,
              25.7343
            ],
            [
              12.4302,
              25.7183
            ],
            [
              12.457,
              25.7125
            ],
            [
              12.4564,
              25.6879
            ],
            [
              12.3826,
              25.5801
            ],
            [
              12.3667,
              25.5697
            ],
            [
              12.3229,
              25.5637
            ],
            [
              12.3046,
              25.5691
            ],
            [
              12.2679,
              25.5685
            ],
            [
              12.2462,
              25.5626
            ],
            [
              12.2251,
              25.5479
            ],
            [
              12.1851,
              25.5525
            ],
            [
              12.1569,
              25.5469
            ],
            [
              12.1346,
              25.5382
            ],
            [
              12.1055,
              25.5228
            ],
            [
              12.0919,
              25.5113
            ],
            [
              12.0953,
              25.5012
            ],
            [
              12.0599,
              25.4673
            ],
            [
              12.0466,
              25.4258
            ],
            [
              12.0569,
              25.3911
            ],
            [
              12.0538,
              25.3768
            ],
            [
              12.0456,
              25.3743
            ],
            [
              12.0552,
              25.3567
            ],
            [
              12.0401,
              25.3408
            ],
            [
              12.0522,
              25.335
            ],
            [
              12.0477,
              25.3221
            ],
            [
              12.0562,
              25.315
            ],
            [
              12.0536,
              25.2992
            ],
            [
              12.0424,
              25.3097
            ],
            [
              12.0281,
              25.3165
            ],
            [
              12.0313,
              25.2901
            ],
            [
              12.0397,
              25.275
            ],
            [
              12.0306,
              25.2743
            ],
            [
              12.0051,
              25.295
            ],
            [
              11.9979,
              25.2939
            ],
            [
              12.0035,
              25.2757
            ],
            [
              12.0016,
              25.2691
            ],
            [
              11.986,
              25.2763
            ],
            [
              11.9752,
              25.2571
            ],
            [
              11.9754,
              25.2507
            ],
            [
              11.9941,
              25.2484
            ],
            [
              12.0012,
              25.2411
            ],
            [
              11.9984,
              25.225
            ],
            [
              11.9676,
              25.2466
            ],
            [
              11.965,
              25.2405
            ],
            [
              11.9741,
              25.2255
            ],
            [
              11.9853,
              25.2209
            ],
            [
              11.9817,
              25.2121
            ],
            [
              11.9719,
              25.2113
            ],
            [
              11.9626,
              25.219
            ],
            [
              11.9566,
              25.2396
            ],
            [
              11.9451,
              25.2357
            ],
            [
              11.9297,
              25.2224
            ],
            [
              11.9168,
              25.2039
            ],
            [
              11.9149,
              25.1815
            ],
            [
              11.9221,
              25.1718
            ],
            [
              11.9221,
              25.1596
            ],
            [
              11.9096,
              25.1585
            ],
            [
              11.9177,
              25.1385
            ],
            [
              11.914,
              25.1209
            ],
            [
              11.906,
              25.1054
            ],
            [
              11.8934,
              25.0914
            ],
            [
              11.8874,
              25.0739
            ],
            [
              11.8784,
              25.0688
            ],
            [
              11.8703,
              25.0356
            ],
            [
              11.8786,
              25.0267
            ],
            [
              11.8825,
              25.0134
            ],
            [
              11.8752,
              25.0086
            ],
            [
              11.8757,
              24.9951
            ],
            [
              11.8951,
              24.9801
            ],
            [
              11.9176,
              24.9777
            ],
            [
              11.9188,
              24.9662
            ],
            [
              11.8992,
              24.9644
            ],
            [
              11.8979,
              24.9593
            ],
            [
              11.9089,
              24.9451
            ],
            [
              11.9077,
              24.9377
            ],
            [
              11.886,
              24.9466
            ],
            [
              11.8775,
              24.9327
            ],
            [
              11.8595,
              24.9245
            ],
            [
              11.8692,
              24.8994
            ],
            [
              11.8623,
              24.8973
            ],
            [
              11.8584,
              24.8866
            ],
            [
              11.8282,
              24.9153
            ],
            [
              11.8251,
              24.9107
            ],
            [
              11.8458,
              24.8824
            ],
            [
              11.831,
              24.8804
            ],
            [
              11.8347,
              24.8707
            ],
            [
              11.8211,
              24.8656
            ],
            [
              11.7959,
              24.8851
            ],
            [
              11.7937,
              24.8786
            ],
            [
              11.8064,
              24.8579
            ],
            [
              11.7816,
              24.8558
            ],
            [
              11.8121,
              24.8249
            ],
            [
              11.7914,
              24.8189
            ],
            [
              11.7642,
              24.8336
            ],
            [
              11.7586,
              24.8276
            ],
            [
              11.7869,
              24.8131
            ],
            [
              11.7485,
              24.8012
            ],
            [
              11.7234,
              24.8134
            ],
            [
              11.6852,
              24.7867
            ],
            [
              11.6822,
              24.7722
            ],
            [
              11.7245,
              24.7496
            ],
            [
              11.6864,
              24.7531
            ],
            [
              11.6175,
              24.7348
            ],
            [
              11.7006,
              24.7373
            ],
            [
              11.7192,
              24.7289
            ],
            [
              11.7377,
              24.7314
            ],
            [
              11.7482,
              24.7058
            ],
            [
              11.7349,
              24.684
            ],
            [
              11.7347,
              24.6677
            ]
          ]
        ]
      }
    },
    {
      "type": "Feature",
      "properties": {
        "name": "Idhan Ubari",
        "category": "erg",
        "countries": [
          "LY"
        ],
        "labelMinzoom": 3,
        "labelMinSize": 6,
        "labelMaxSize": 50
      },
      "geometry": {
        "type": "Polygon",
        "coordinates": [
          [
            [
              10.1671,
              27.1909
            ],
            [
              10.2057,
              27.2015
            ],
            [
              10.2288,
              27.2145
            ],
            [
              10.2428,
              27.2173
            ],
            [
              10.2515,
              27.2274
            ],
            [
              10.2955,
              27.2498
            ],
            [
              10.321,
              27.2521
            ],
            [
              10.3411,
              27.2646
            ],
            [
              10.3502,
              27.2813
            ],
            [
              10.3378,
              27.2994
            ],
            [
              10.3601,
              27.3115
            ],
            [
              10.37,
              27.3214
            ],
            [
              10.3699,
              27.3296
            ],
            [
              10.3913,
              27.3388
            ],
            [
              10.4054,
              27.3604
            ],
            [
              10.4516,
              27.3599
            ],
            [
              10.4829,
              27.3441
            ],
            [
              10.4926,
              27.35
            ],
            [
              10.5133,
              27.3502
            ],
            [
              10.5049,
              27.3393
            ],
            [
              10.5204,
              27.3377
            ],
            [
              10.5274,
              27.3306
            ],
            [
              10.5521,
              27.3251
            ],
            [
              10.569,
              27.3303
            ],
            [
              10.6022,
              27.3224
            ],
            [
              10.6099,
              27.3335
            ],
            [
              10.6228,
              27.3324
            ],
            [
              10.6309,
              27.3222
            ],
            [
              10.6267,
              27.3086
            ],
            [
              10.6556,
              27.297
            ],
            [
              10.6583,
              27.3086
            ],
            [
              10.6712,
              27.3048
            ],
            [
              10.6782,
              27.2948
            ],
            [
              10.702,
              27.2961
            ],
            [
              10.7097,
              27.3127
            ],
            [
              10.7207,
              27.3228
            ],
            [
              10.741,
              27.3195
            ],
            [
              10.7422,
              27.3312
            ],
            [
              10.707,
              27.3311
            ],
            [
              10.6969,
              27.3283
            ],
            [
              10.6873,
              27.3376
            ],
            [
              10.6596,
              27.3479
            ],
            [
              10.6492,
              27.3444
            ],
            [
              10.637,
              27.3488
            ],
            [
              10.6121,
              27.3468
            ],
            [
              10.6052,
              27.3405
            ],
            [
              10.5947,
              27.3447
            ],
            [
              10.6135,
              27.362
            ],
            [
              10.6156,
              27.3558
            ],
            [
              10.6496,
              27.3592
            ],
            [
              10.6612,
              27.3551
            ],
            [
              10.6965,
              27.3555
            ],
            [
              10.715,
              27.3714
            ],
            [
              10.7063,
              27.386
            ],
            [
              10.6602,
              27.3757
            ],
            [
              10.6414,
              27.3768
            ],
            [
              10.635,
              27.3885
            ],
            [
              10.6612,
              27.3996
            ],
            [
              10.6764,
              27.3985
            ],
            [
              10.6821,
              27.3925
            ],
            [
              10.6915,
              27.3975
            ],
            [
              10.713,
              27.4262
            ],
            [
              10.7026,
              27.4454
            ],
            [
              10.7199,
              27.4465
            ],
            [
              10.734,
              27.4612
            ],
            [
              10.7735,
              27.4697
            ],
            [
              10.7806,
              27.4743
            ],
            [
              10.7951,
              27.4717
            ],
            [
              10.7877,
              27.4458
            ],
            [
              10.7686,
              27.4422
            ],
            [
              10.7464,
              27.4304
            ],
            [
              10.757,
              27.4175
            ],
            [
              10.7816,
              27.4216
            ],
            [
              10.7958,
              27.4177
            ],
            [
              10.8086,
              27.3991
            ],
            [
              10.8134,
              27.4092
            ],
            [
              10.8093,
              27.4197
            ],
            [
              10.7917,
              27.4418
            ],
            [
              10.8091,
              27.4477
            ],
            [
              10.8197,
              27.4568
            ],
            [
              10.8149,
              27.4633
            ],
            [
              10.8402,
              27.4676
            ],
            [
              10.8562,
              27.4766
            ],
            [
              10.8708,
              27.4732
            ],
            [
              10.8792,
              27.4616
            ],
            [
              10.8715,
              27.4516
            ],
            [
              10.8615,
              27.4526
            ],
            [
              10.8486,
              27.461
            ],
            [
              10.8263,
              27.4563
            ],
            [
              10.8295,
              27.4492
            ],
            [
              10.8522,
              27.4558
            ],
            [
              10.8652,
              27.444
            ],
            [
              10.8714,
              27.4334
            ],
            [
              10.8878,
              27.4424
            ],
            [
              10.8893,
              27.4313
            ],
            [
              10.8773,
              27.425
            ],
            [
              10.8802,
              27.417
            ],
            [
              10.9044,
              27.4196
            ],
            [
              10.884,
              27.4058
            ],
            [
              10.8855,
              27.3997
            ],
            [
              10.8619,
              27.3929
            ],
            [
              10.8304,
              27.3802
            ],
            [
              10.7738,
              27.3633
            ],
            [
              10.7703,
              27.3555
            ],
            [
              10.7556,
              27.3533
            ],
            [
              10.7693,
              27.3421
            ],
            [
              10.7613,
              27.3237
            ],
            [
              10.7877,
              27.327
            ],
            [
              10.7951,
              27.3094
            ],
            [
              10.7701,
              27.3082
            ],
            [
              10.733,
              27.301
            ],
            [
              10.7006,
              27.2919
            ],
            [
              10.6997,
              27.2789
            ],
            [
              10.7235,
              27.2831
            ],
            [
              10.7523,
              27.2946
            ],
            [
              10.7799,
              27.2951
            ],
            [
              10.8045,
              27.2933
            ],
            [
              10.7891,
              27.2814
            ],
            [
              10.8052,
              27.2768
            ],
            [
              10.8202,
              27.2829
            ],
            [
              10.8336,
              27.2978
            ],
            [
              10.8515,
              27.3055
            ],
            [
              10.858,
              27.3002
            ],
            [
              10.8266,
              27.2793
            ],
            [
              10.839,
              27.2633
            ],
            [
              10.8551,
              27.2647
            ],
            [
              10.8866,
              27.2768
            ],
            [
              10.896,
              27.274
            ],
            [
              10.909,
              27.2819
            ],
            [
              10.9066,
              27.2318
            ],
            [
              10.9183,
              27.2136
            ],
            [
              10.9286,
              27.2185
            ],
            [
              10.9284,
              27.2347
            ],
            [
              10.9462,
              27.2399
            ],
            [
              10.975,
              27.2544
            ],
            [
              10.9916,
              27.2574
            ],
            [
              10.9983,
              27.2664
            ],
            [
              10.995,
              27.2736
            ],
            [
              11.0007,
              27.2855
            ],
            [
              11.0116,
              27.2759
            ],
            [
              11.0338,
              27.2733
            ],
            [
              11.0501,
              27.278
            ],
            [
              11.0655,
              27.2775
            ],
            [
              11.0711,
              27.2684
            ],
            [
              11.0584,
              27.2616
            ],
            [
              11.0468,
              27.2612
            ],
            [
              11.0518,
              27.2492
            ],
            [
              11.0722,
              27.2527
            ],
            [
              11.0837,
              27.249
            ],
            [
              11.0912,
              27.2415
            ],
            [
              11.1207,
              27.2427
            ],
            [
              11.1349,
              27.2394
            ],
            [
              11.1477,
              27.2316
            ],
            [
              11.1658,
              27.2308
            ],
            [
              11.1573,
              27.2418
            ],
            [
              11.1111,
              27.2523
            ],
            [
              11.0914,
              27.2583
            ],
            [
              11.0733,
              27.2814
            ],
            [
              11.063,
              27.2904
            ],
            [
              11.0557,
              27.289
            ],
            [
              11.0199,
              27.2916
            ],
            [
              11.0269,
              27.3172
            ],
            [
              11.0118,
              27.3152
            ],
            [
              11.011,
              27.304
            ],
            [
              10.9974,
              27.3006
            ],
            [
              10.9696,
              27.3026
            ],
            [
              10.9583,
              27.3125
            ],
            [
              10.9916,
              27.3299
            ],
            [
              11.0067,
              27.3254
            ],
            [
              11.0135,
              27.3325
            ],
            [
              11.008,
              27.344
            ],
            [
              10.9779,
              27.3336
            ],
            [
              10.9583,
              27.3339
            ],
            [
              10.9475,
              27.3274
            ],
            [
              10.9332,
              27.3336
            ],
            [
              10.8999,
              27.3417
            ],
            [
              10.8849,
              27.3347
            ],
            [
              10.8589,
              27.331
            ],
            [
              10.8515,
              27.3228
            ],
            [
              10.822,
              27.3121
            ],
            [
              10.8166,
              27.3267
            ],
            [
              10.8336,
              27.3319
            ],
            [
              10.839,
              27.3383
            ],
            [
              10.8556,
              27.3437
            ],
            [
              10.8675,
              27.3414
            ],
            [
              10.8946,
              27.3488
            ],
            [
              10.9126,
              27.3559
            ],
            [
              10.9261,
              27.3685
            ],
            [
              10.9382,
              27.3678
            ],
            [
              10.9684,
              27.3839
            ],
            [
              10.9835,
              27.3866
            ],
            [
              11.0074,
              27.3994
            ],
            [
              11.017,
              27.4103
            ],
            [
              11.0277,
              27.4164
            ],
            [
              11.0172,
              27.4289
            ],
            [
              11.0307,
              27.4324
            ],
            [
              11.0495,
              27.4459
            ],
            [
              11.0388,
              27.4523
            ],
            [
              11.0259,
              27.4404
            ],
            [
              11.0183,
              27.4396
            ],
            [
              11.001,
              27.4266
            ],
            [
              11.0044,
              27.4189
            ],
            [
              10.977,
              27.3971
            ],
            [
              10.95,
              27.3957
            ],
            [
              10.9531,
              27.4171
            ],
            [
              10.978,
              27.4301
            ],
            [
              10.9907,
              27.4403
            ],
            [
              11.0286,
              27.4626
            ],
            [
              11.051,
              27.465
            ],
            [
              11.0568,
              27.4719
            ],
            [
              11.0908,
              27.4857
            ],
            [
              11.1028,
              27.4855
            ],
            [
              11.1114,
              27.4929
            ],
            [
              11.1254,
              27.4953
            ],
            [
              11.1619,
              27.4932
            ],
            [
              11.1959,
              27.4836
            ],
            [
              11.2424,
              27.4787
            ],
            [
              11.2544,
              27.4755
            ],
            [
              11.262,
              27.48
            ],
            [
              11.2702,
              27.4724
            ],
            [
              11.2881,
              27.4744
            ],
            [
              11.2948,
              27.4689
            ],
            [
              11.313,
              27.4745
            ],
            [
              11.3468,
              27.4795
            ],
            [
              11.3527,
              27.4853
            ],
            [
              11.3646,
              27.4797
            ],
            [
              11.3841,
              27.489
            ],
            [
              11.3909,
              27.4986
            ],
            [
              11.3876,
              27.5069
            ],
            [
              11.4187,
              27.5147
            ],
            [
              11.428,
              27.5225
            ],
            [
              11.4425,
              27.5229
            ],
            [
              11.4474,
              27.5282
            ],
            [
              11.488,
              27.5424
            ],
            [
              11.502,
              27.5534
            ],
            [
              11.535,
              27.5607
            ],
            [
              11.5541,
              27.5719
            ],
            [
              11.5702,
              27.5781
            ],
            [
              11.6168,
              27.614
            ],
            [
              11.6274,
              27.6165
            ],
            [
              11.6827,
              27.648
            ],
            [
              11.7081,
              27.6698
            ],
            [
              11.7321,
              27.686
            ],
            [
              11.7388,
              27.6948
            ],
            [
              11.7417,
              27.7107
            ],
            [
              11.7538,
              27.7237
            ],
            [
              11.7982,
              27.7496
            ],
            [
              11.8062,
              27.7502
            ],
            [
              11.8345,
              27.767
            ],
            [
              11.8477,
              27.7773
            ],
            [
              11.8736,
              27.8085
            ],
            [
              11.8748,
              27.7992
            ],
            [
              11.8664,
              27.7837
            ],
            [
              11.8445,
              27.7641
            ],
            [
              11.8225,
              27.7517
            ],
            [
              11.7941,
              27.732
            ],
            [
              11.7545,
              27.7008
            ],
            [
              11.7256,
              27.6585
            ],
            [
              11.7183,
              27.6455
            ],
            [
              11.7095,
              27.6396
            ],
            [
              11.6678,
              27.6048
            ],
            [
              11.6707,
              27.5943
            ],
            [
              11.6416,
              27.5714
            ],
            [
              11.6262,
              27.5655
            ],
            [
              11.5956,
              27.5585
            ],
            [
              11.6115,
              27.5517
            ],
            [
              11.6168,
              27.5435
            ],
            [
              11.6072,
              27.5386
            ],
            [
              11.6016,
              27.5201
            ],
            [
              11.5884,
              27.5168
            ],
            [
              11.5327,
              27.516
            ],
            [
              11.4706,
              27.5092
            ],
            [
              11.4588,
              27.5101
            ],
            [
              11.4318,
              27.5049
            ],
            [
              11.4069,
              27.4978
            ],
            [
              11.369,
              27.4742
            ],
            [
              11.3739,
              27.4684
            ],
            [
              11.3898,
              27.4774
            ],
            [
              11.4022,
              27.4784
            ],
            [
              11.4175,
              27.4904
            ],
            [
              11.4233,
              27.4765
            ],
            [
              11.4383,
              27.4822
            ],
            [
              11.4574,
              27.4827
            ],
            [
              11.4569,
              27.4691
            ],
            [
              11.4656,
              27.4603
            ],
            [
              11.4775,
              27.4608
            ],
            [
              11.4923,
              27.4515
            ],
            [
              11.5092,
              27.4506
            ],
            [
              11.5144,
              27.4466
            ],
            [
              11.5424,
              27.4481
            ],
            [
              11.552,
              27.4449
            ],
            [
              11.5916,
              27.4442
            ],
            [
              11.5971,
              27.4499
            ],
            [
              11.6082,
              27.4466
            ],
            [
              11.6044,
              27.4327
            ],
            [
              11.5837,
              27.4256
            ],
            [
              11.5838,
              27.4177
            ],
            [
              11.5979,
              27.4019
            ],
            [
              11.6347,
              27.3969
            ],
            [
              11.6398,
              27.3794
            ],
            [
              11.6666,
              27.3583
            ],
            [
              11.6677,
              27.3429
            ],
            [
              11.6616,
              27.3404
            ],
            [
              11.6607,
              27.3231
            ],
            [
              11.6697,
              27.3115
            ],
            [
              11.6883,
              27.3079
            ],
            [
              11.703,
              27.2971
            ],
            [
              11.707,
              27.268
            ],
            [
              11.7204,
              27.2648
            ],
            [
              11.7364,
              27.2473
            ],
            [
              11.7355,
              27.2412
            ],
            [
              11.7494,
              27.2328
            ],
            [
              11.7463,
              27.2228
            ],
            [
              11.7382,
              27.2193
            ],
            [
              11.7486,
              27.1914
            ],
            [
              11.7361,
              27.1895
            ],
            [
              11.7265,
              27.1813
            ],
            [
              11.7276,
              27.1627
            ],
            [
              11.721,
              27.15
            ],
            [
              11.7075,
              27.1454
            ],
            [
              11.7013,
              27.1386
            ],
            [
              11.6931,
              27.1063
            ],
            [
              11.6755,
              27.1035
            ],
            [
              11.6443,
              27.0931
            ],
            [
              11.6362,
              27.0878
            ],
            [
              11.6404,
              27.0798
            ],
            [
              11.6244,
              27.0602
            ],
            [
              11.6031,
              27.0507
            ],
            [
              11.5793,
              27.0431
            ],
            [
              11.5711,
              27.0248
            ],
            [
              11.5508,
              27.0129
            ],
            [
              11.5436,
              27.0294
            ],
            [
              11.5265,
              27.0375
            ],
            [
              11.5189,
              27.0231
            ],
            [
              11.4845,
              27.0139
            ],
            [
              11.4792,
              26.9992
            ],
            [
              11.4663,
              26.9871
            ],
            [
              11.4575,
              26.9874
            ],
            [
              11.4596,
              26.9628
            ],
            [
              11.4475,
              26.9663
            ],
            [
              11.4462,
              26.9837
            ],
            [
              11.42,
              26.9736
            ],
            [
              11.4201,
              26.9622
            ],
            [
              11.4017,
              26.9631
            ],
            [
              11.3939,
              26.9404
            ],
            [
              11.4099,
              26.9332
            ],
            [
              11.4088,
              26.9265
            ],
            [
              11.3707,
              26.9388
            ],
            [
              11.3636,
              26.9556
            ],
            [
              11.3368,
              26.9625
            ],
            [
              11.3264,
              26.9732
            ],
            [
              11.31,
              26.9739
            ],
            [
              11.2783,
              26.9677
            ],
            [
              11.2554,
              26.9489
            ],
            [
              11.2524,
              26.934
            ],
            [
              11.2245,
              26.9499
            ],
            [
              11.2124,
              26.9473
            ],
            [
              11.1753,
              26.9565
            ],
            [
              11.1617,
              26.9726
            ],
            [
              11.1475,
              26.9781
            ],
            [
              11.1427,
              26.9858
            ],
            [
              11.1319,
              26.9899
            ],
            [
              11.1042,
              27.0208
            ],
            [
              11.0863,
              27.0355
            ],
            [
              11.0727,
              27.0041
            ],
            [
              11.0559,
              27.0064
            ],
            [
              11.0559,
              26.991
            ],
            [
              11.0614,
              26.9702
            ],
            [
              11.0528,
              26.9695
            ],
            [
              11.0389,
              26.9532
            ],
            [
              11.0568,
              26.9356
            ],
            [
              11.0463,
              26.9276
            ],
            [
              11.0596,
              26.919
            ],
            [
              11.0604,
              26.9111
            ],
            [
              11.081,
              26.8918
            ],
            [
              11.0666,
              26.8875
            ],
            [
              11.0613,
              26.8784
            ],
            [
              11.0441,
              26.8811
            ],
            [
              11.054,
              26.8668
            ],
            [
              11.0579,
              26.8528
            ],
            [
              11.0553,
              26.8408
            ],
            [
              11.0435,
              26.8294
            ],
            [
              11.0422,
              26.8043
            ],
            [
              11.0619,
              26.7966
            ],
            [
              11.0662,
              26.7871
            ],
            [
              11.0811,
              26.7823
            ],
            [
              11.0973,
              26.7861
            ],
            [
              11.1001,
              26.7936
            ],
            [
              11.0559,
              26.8116
            ],
            [
              11.0545,
              26.8251
            ],
            [
              11.0689,
              26.8281
            ],
            [
              11.073,
              26.8212
            ],
            [
              11.0915,
              26.8097
            ],
            [
              11.1051,
              26.8074
            ],
            [
              11.1236,
              26.7969
            ],
            [
              11.1259,
              26.7743
            ],
            [
              11.0994,
              26.7703
            ],
            [
              11.0968,
              26.757
            ],
            [
              11.0851,
              26.7601
            ],
            [
              11.0819,
              26.7676
            ],
            [
              11.0354,
              26.7825
            ],
            [
              11.0307,
              26.7737
            ],
            [
              11.0469,
              26.7715
            ],
            [
              11.0577,
              26.7514
            ],
            [
              11.0686,
              26.7482
            ],
            [
              11.0792,
              26.7379
            ],
            [
              11.0922,
              26.7339
            ],
            [
              11.0987,
              26.7108
            ],
            [
              11.1147,
              26.7154
            ],
            [
              11.133,
              26.7148
            ],
            [
              11.1409,
              26.7001
            ],
            [
              11.1526,
              26.6943
            ],
            [
              11.1403,
              26.6858
            ],
            [
              11.1544,
              26.6752
            ],
            [
              11.1758,
              26.6701
            ],
            [
              11.1898,
              26.6491
            ],
            [
              11.1799,
              26.6468
            ],
            [
              11.1773,
              26.631
            ],
            [
              11.1605,
              26.6393
            ],
            [
              11.1543,
              26.6508
            ],
            [
              11.1189,
              26.6588
            ],
            [
              11.1205,
              26.6433
            ],
            [
              11.1458,
              26.6218
            ],
            [
              11.1435,
              26.6182
            ],
            [
              11.1141,
              26.6307
            ],
            [
              11.1154,
              26.6171
            ],
            [
              11.0869,
              26.6293
            ],
            [
              11.0861,
              26.6171
            ],
            [
              11.094,
              26.6009
            ],
            [
              11.0925,
              26.5909
            ],
            [
              11.0771,
              26.5946
            ],
            [
              11.0552,
              26.6157
            ],
            [
              11.0423,
              26.6181
            ],
            [
              11.0186,
              26.6276
            ],
            [
              11.0031,
              26.6374
            ],
            [
              10.9956,
              26.6553
            ],
            [
              10.9838,
              26.6612
            ],
            [
              10.9698,
              26.673
            ],
            [
              10.9586,
              26.6734
            ],
            [
              10.9582,
              26.6818
            ],
            [
              10.9436,
              26.6866
            ],
            [
              10.9467,
              26.6974
            ],
            [
              10.9433,
              26.7164
            ],
            [
              10.95,
              26.7247
            ],
            [
              10.9644,
              26.7242
            ],
            [
              10.9761,
              26.709
            ],
            [
              10.9831,
              26.6908
            ],
            [
              10.9961,
              26.6977
            ],
            [
              10.9983,
              26.7279
            ],
            [
              10.9843,
              26.7418
            ],
            [
              11.0016,
              26.7501
            ],
            [
              11.0026,
              26.7572
            ],
            [
              10.9914,
              26.7719
            ],
            [
              10.9856,
              26.7901
            ],
            [
              10.9666,
              26.8133
            ],
            [
              10.9667,
              26.8231
            ],
            [
              10.9542,
              26.8382
            ],
            [
              10.9504,
              26.863
            ],
            [
              10.944,
              26.8841
            ],
            [
              10.9432,
              26.9016
            ],
            [
              10.9326,
              26.938
            ],
            [
              10.9359,
              26.9435
            ],
            [
              10.9266,
              26.9635
            ],
            [
              10.912,
              26.9645
            ],
            [
              10.9117,
              26.9755
            ],
            [
              10.9015,
              26.9842
            ],
            [
              10.9001,
              26.9914
            ],
            [
              10.887,
              27.0161
            ],
            [
              10.8879,
              27.0318
            ],
            [
              10.8754,
              27.0399
            ],
            [
              10.8693,
              27.0712
            ],
            [
              10.857,
              27.0758
            ],
            [
              10.8532,
              27.0915
            ],
            [
              10.8276,
              27.1265
            ],
            [
              10.8248,
              27.1419
            ],
            [
              10.818,
              27.142
            ],
            [
              10.802,
              27.1278
            ],
            [
              10.7917,
              27.1258
            ],
            [
              10.7726,
              27.1152
            ],
            [
              10.7729,
              27.0936
            ],
            [
              10.7637,
              27.0929
            ],
            [
              10.7629,
              27.0756
            ],
            [
              10.7668,
              27.0623
            ],
            [
              10.7776,
              27.0486
            ],
            [
              10.7926,
              27.0468
            ],
            [
              10.8061,
              27.0406
            ],
            [
              10.7961,
              27.0212
            ],
            [
              10.7886,
              27.0175
            ],
            [
              10.78,
              26.9934
            ],
            [
              10.7828,
              26.9725
            ],
            [
              10.7981,
              26.9763
            ],
            [
              10.7967,
              26.9652
            ],
            [
              10.8122,
              26.9603
            ],
            [
              10.8182,
              26.9497
            ],
            [
              10.8072,
              26.9441
            ],
            [
              10.8148,
              26.9295
            ],
            [
              10.8103,
              26.9129
            ],
            [
              10.8203,
              26.9159
            ],
            [
              10.827,
              26.9019
            ],
            [
              10.8206,
              26.8916
            ],
            [
              10.8282,
              26.8868
            ],
            [
              10.8229,
              26.8709
            ],
            [
              10.8231,
              26.8575
            ],
            [
              10.8378,
              26.8384
            ],
            [
              10.8232,
              26.8381
            ],
            [
              10.8108,
              26.829
            ],
            [
              10.8067,
              26.8149
            ],
            [
              10.7852,
              26.8212
            ],
            [
              10.7664,
              26.8138
            ],
            [
              10.7705,
              26.7884
            ],
            [
              10.7563,
              26.7874
            ],
            [
              10.7483,
              26.7926
            ],
            [
              10.737,
              26.7912
            ],
            [
              10.7419,
              26.7702
            ],
            [
              10.7112,
              26.7715
            ],
            [
              10.6975,
              26.7545
            ],
            [
              10.6869,
              26.7498
            ],
            [
              10.6649,
              26.7549
            ],
            [
              10.6441,
              26.7513
            ],
            [
              10.6509,
              26.7437
            ],
            [
              10.6534,
              26.7249
            ],
            [
              10.6496,
              26.7133
            ],
            [
              10.6376,
              26.7039
            ],
            [
              10.6499,
              26.684
            ],
            [
              10.6707,
              26.6699
            ],
            [
              10.6803,
              26.6445
            ],
            [
              10.7118,
              26.6429
            ],
            [
              10.7215,
              26.6358
            ],
            [
              10.7254,
              26.6237
            ],
            [
              10.7076,
              26.6213
            ],
            [
              10.6949,
              26.6263
            ],
            [
              10.6864,
              26.6202
            ],
            [
              10.6885,
              26.6097
            ],
            [
              10.6969,
              26.6101
            ],
            [
              10.7043,
              26.5954
            ],
            [
              10.7123,
              26.5908
            ],
            [
              10.7084,
              26.5774
            ],
            [
              10.6986,
              26.5754
            ],
            [
              10.693,
              26.5648
            ],
            [
              10.6821,
              26.5627
            ],
            [
              10.6797,
              26.5474
            ],
            [
              10.6668,
              26.5594
            ],
            [
              10.657,
              26.5603
            ],
            [
              10.6536,
              26.5703
            ],
            [
              10.6251,
              26.5779
            ],
            [
              10.6126,
              26.578
            ],
            [
              10.6094,
              26.5627
            ],
            [
              10.6155,
              26.5551
            ],
            [
              10.6141,
              26.5457
            ],
            [
              10.6201,
              26.5383
            ],
            [
              10.6356,
              26.5451
            ],
            [
              10.6441,
              26.5282
            ],
            [
              10.6598,
              26.5388
            ],
            [
              10.6797,
              26.5245
            ],
            [
              10.6824,
              26.5379
            ],
            [
              10.6908,
              26.5392
            ],
            [
              10.705,
              26.518
            ],
            [
              10.7438,
              26.5256
            ],
            [
              10.758,
              26.5235
            ],
            [
              10.7816,
              26.5285
            ],
            [
              10.7852,
              26.5138
            ],
            [
              10.7717,
              26.5094
            ],
            [
              10.7441,
              26.5102
            ],
            [
              10.733,
              26.498
            ],
            [
              10.7135,
              26.5025
            ],
            [
              10.7023,
              26.4963
            ],
            [
              10.6738,
              26.4978
            ],
            [
              10.6288,
              26.5035
            ],
            [
              10.6189,
              26.5063
            ],
            [
              10.594,
              26.5005
            ],
            [
              10.5991,
              26.4889
            ],
            [
              10.6218,
              26.4991
            ],
            [
              10.6331,
              26.49
            ],
            [
              10.6424,
              26.4684
            ],
            [
              10.6558,
              26.4744
            ],
            [
              10.6639,
              26.4868
            ],
            [
              10.6885,
              26.4597
            ],
            [
              10.6806,
              26.4555
            ],
            [
              10.6561,
              26.4639
            ],
            [
              10.6294,
              26.4657
            ],
            [
              10.6155,
              26.4741
            ],
            [
              10.6,
              26.4793
            ],
            [
              10.5838,
              26.4787
            ],
            [
              10.5754,
              26.4955
            ],
            [
              10.5783,
              26.5076
            ],
            [
              10.5594,
              26.512
            ],
            [
              10.5562,
              26.5057
            ],
            [
              10.5442,
              26.5043
            ],
            [
              10.5497,
              26.4776
            ],
            [
              10.5327,
              26.4561
            ],
            [
              10.5328,
              26.4461
            ],
            [
              10.5417,
              26.4382
            ],
            [
              10.5668,
              26.4359
            ],
            [
              10.5381,
              26.4208
            ],
            [
              10.5331,
              26.4134
            ],
            [
              10.5413,
              26.3968
            ],
            [
              10.5348,
              26.3826
            ],
            [
              10.5351,
              26.3737
            ],
            [
              10.5099,
              26.3693
            ],
            [
              10.5049,
              26.3779
            ],
            [
              10.4858,
              26.3968
            ],
            [
              10.4764,
              26.4141
            ],
            [
              10.4769,
              26.4368
            ],
            [
              10.4908,
              26.4343
            ],
            [
              10.4963,
              26.4544
            ],
            [
              10.4881,
              26.476
            ],
            [
              10.5004,
              26.4791
            ],
            [
              10.4949,
              26.5013
            ],
            [
              10.488,
              26.4957
            ],
            [
              10.4913,
              26.4809
            ],
            [
              10.463,
              26.4856
            ],
            [
              10.4786,
              26.4662
            ],
            [
              10.4744,
              26.447
            ],
            [
              10.4513,
              26.4582
            ],
            [
              10.4354,
              26.4632
            ],
            [
              10.4244,
              26.4365
            ],
            [
              10.4422,
              26.4331
            ],
            [
              10.4281,
              26.4212
            ],
            [
              10.4074,
              26.4206
            ],
            [
              10.4223,
              26.4015
            ],
            [
              10.4283,
              26.4033
            ],
            [
              10.4549,
              26.3874
            ],
            [
              10.4587,
              26.3773
            ],
            [
              10.4714,
              26.3729
            ],
            [
              10.4801,
              26.356
            ],
            [
              10.4958,
              26.347
            ],
            [
              10.4973,
              26.3316
            ],
            [
              10.5069,
              26.3339
            ],
            [
              10.5167,
              26.3243
            ],
            [
              10.5209,
              26.3117
            ],
            [
              10.5001,
              26.3072
            ],
            [
              10.479,
              26.312
            ],
            [
              10.4723,
              26.3105
            ],
            [
              10.4632,
              26.2955
            ],
            [
              10.4541,
              26.2966
            ],
            [
              10.4418,
              26.291
            ],
            [
              10.4165,
              26.2972
            ],
            [
              10.3989,
              26.3212
            ],
            [
              10.3802,
              26.3322
            ],
            [
              10.3762,
              26.3379
            ],
            [
              10.3894,
              26.3537
            ],
            [
              10.3787,
              26.365
            ],
            [
              10.3602,
              26.3634
            ],
            [
              10.3351,
              26.3678
            ],
            [
              10.3155,
              26.38
            ],
            [
              10.2872,
              26.389
            ],
            [
              10.2844,
              26.3984
            ],
            [
              10.2699,
              26.3996
            ],
            [
              10.2635,
              26.409
            ],
            [
              10.2453,
              26.4177
            ],
            [
              10.2494,
              26.3992
            ],
            [
              10.239,
              26.3963
            ],
            [
              10.2453,
              26.3774
            ],
            [
              10.2376,
              26.3715
            ],
            [
              10.2307,
              26.3792
            ],
            [
              10.2094,
              26.3738
            ],
            [
              10.1971,
              26.3602
            ],
            [
              10.1843,
              26.357
            ],
            [
              10.1419,
              26.3612
            ],
            [
              10.1332,
              26.3567
            ],
            [
              10.1236,
              26.3414
            ],
            [
              10.1121,
              26.3437
            ],
            [
              10.0963,
              26.3528
            ],
            [
              10.0911,
              26.3707
            ],
            [
              10.075,
              26.3797
            ],
            [
              10.0547,
              26.3776
            ],
            [
              10.0568,
              26.3694
            ],
            [
              10.0754,
              26.3625
            ],
            [
              10.0597,
              26.3452
            ],
            [
              10.0572,
              26.3307
            ],
            [
              10.0446,
              26.3258
            ],
            [
              10.0286,
              26.3329
            ],
            [
              10.0089,
              26.3311
            ],
            [
              9.9978,
              26.3509
            ],
            [
              9.9972,
              26.358
            ],
            [
              10.0064,
              26.3664
            ],
            [
              10.0014,
              26.3778
            ],
            [
              9.9843,
              26.3707
            ],
            [
              9.975,
              26.3596
            ],
            [
              9.967,
              26.3815
            ],
            [
              9.9667,
              26.3906
            ],
            [
              9.9539,
              26.3892
            ],
            [
              9.9542,
              26.366
            ],
            [
              9.9603,
              26.361
            ],
            [
              9.9605,
              26.3451
            ],
            [
              9.9299,
              26.3375
            ],
            [
              9.9256,
              26.3546
            ],
            [
              9.9143,
              26.3599
            ],
            [
              9.8826,
              26.3596
            ],
            [
              9.8561,
              26.3519
            ],
            [
              9.8589,
              26.3686
            ],
            [
              9.8749,
              26.3777
            ],
            [
              9.8463,
              26.3976
            ],
            [
              9.8432,
              26.3869
            ],
            [
              9.8437,
              26.3466
            ],
            [
              9.8717,
              26.342
            ],
            [
              9.8485,
              26.3123
            ],
            [
              9.8001,
              26.3122
            ],
            [
              9.7649,
              26.3019
            ],
            [
              9.7534,
              26.2854
            ],
            [
              9.7262,
              26.2807
            ],
            [
              9.702,
              26.2733
            ],
            [
              9.6849,
              26.241
            ],
            [
              9.6605,
              26.2461
            ],
            [
              9.6534,
              26.2531
            ],
            [
              9.6317,
              26.2559
            ],
            [
              9.6238,
              26.2499
            ],
            [
              9.6074,
              26.25
            ],
            [
              9.5982,
              26.246
            ],
            [
              9.5911,
              26.2342
            ],
            [
              9.5822,
              26.242
            ],
            [
              9.5923,
              26.2514
            ],
            [
              9.5798,
              26.2553
            ],
            [
              9.5723,
              26.2514
            ],
            [
              9.5431,
              26.2674
            ],
            [
              9.5263,
              26.2703
            ],
            [
              9.5234,
              26.2596
            ],
            [
              9.5145,
              26.2602
            ],
            [
              9.4977,
              26.2504
            ],
            [
              9.4909,
              26.2349
            ],
            [
              9.4801,
              26.2279
            ],
            [
              9.4812,
              26.2098
            ],
            [
              9.4953,
              26.1813
            ],
            [
              9.4868,
              26.1656
            ],
            [
              9.4621,
              26.1585
            ],
            [
              9.4391,
              26.1612
            ],
            [
              9.4356,
              26.1873
            ],
            [
              9.4627,
              26.2022
            ],
            [
              9.4366,
              26.2024
            ],
            [
              9.4158,
              26.193
            ],
            [
              9.4014,
              26.1692
            ],
            [
              9.4004,
              26.1587
            ],
            [
              9.4163,
              26.1449
            ],
            [
              9.4182,
              26.1295
            ],
            [
              9.4305,
              26.1365
            ],
            [
              9.4371,
              26.1225
            ],
            [
              9.4541,
              26.1175
            ],
            [
              9.4427,
              26.1096
            ],
            [
              9.4417,
              26.0936
            ],
            [
              9.4526,
              26.0921
            ],
            [
              9.4697,
              26.0742
            ],
            [
              9.486,
              26.0739
            ],
            [
              9.5068,
              26.0823
            ],
            [
              9.5138,
              26.1005
            ],
            [
              9.5292,
              26.1235
            ],
            [
              9.5547,
              26.1449
            ],
            [
              9.5735,
              26.1662
            ],
            [
              9.6013,
              26.1816
            ],
            [
              9.6349,
              26.1914
            ],
            [
              9.6548,
              26.2052
            ],
            [
              9.6739,
              26.2119
            ],
            [
              9.6744,
              26.2217
            ],
            [
              9.6813,
              26.2319
            ],
            [
              9.7054,
              26.2033
            ],
            [
              9.7224,
              26.2068
            ],
            [
              9.7254,
              26.2125
            ],
            [
              9.7069,
              26.2319
            ],
            [
              9.7276,
              26.2349
            ],
            [
              9.7365,
              26.241
            ],
            [
              9.7501,
              26.2371
            ],
            [
              9.7494,
              26.2266
            ],
            [
              9.7361,
              26.2253
            ],
            [
              9.7338,
              26.2099
            ],
            [
              9.7552,
              26.2035
            ],
            [
              9.7656,
              26.2176
            ],
            [
              9.7834,
              26.2131
            ],
            [
              9.7556,
              26.1959
            ],
            [
              9.7572,
              26.1794
            ],
            [
              9.7791,
              26.1715
            ],
            [
              9.7995,
              26.1586
            ],
            [
              9.8388,
              26.1547
            ],
            [
              9.8559,
              26.1889
            ],
            [
              9.8649,
              26.1931
            ],
            [
              9.8778,
              26.1774
            ],
            [
              9.9098,
              26.167
            ],
            [
              9.9197,
              26.1789
            ],
            [
              9.9158,
              26.201
            ],
            [
              9.9447,
              26.21
            ],
            [
              9.9685,
              26.2153
            ],
            [
              9.974,
              26.2068
            ],
            [
              9.987,
              26.214
            ],
            [
              10.0037,
              26.2098
            ],
            [
              10.0104,
              26.1916
            ],
            [
              10.0295,
              26.2006
            ],
            [
              10.0267,
              26.2297
            ],
            [
              10.0362,
              26.2555
            ],
            [
              10.0559,
              26.2724
            ],
            [
              10.0806,
              26.2725
            ],
            [
              10.0795,
              26.2471
            ],
            [
              10.0854,
              26.2329
            ],
            [
              10.1008,
              26.2151
            ],
            [
              10.0997,
              26.1874
            ],
            [
              10.1119,
              26.1806
            ],
            [
              10.1181,
              26.2017
            ],
            [
              10.1173,
              26.2182
            ],
            [
              10.1033,
              26.2309
            ],
            [
              10.0896,
              26.2621
            ],
            [
              10.1019,
              26.2712
            ],
            [
              10.1148,
              26.2735
            ],
            [
              10.1282,
              26.2671
            ],
            [
              10.1427,
              26.2771
            ],
            [
              10.1524,
              26.275
            ],
            [
              10.1674,
              26.2785
            ],
            [
              10.1837,
              26.2684
            ],
            [
              10.1944,
              26.274
            ],
            [
              10.2111,
              26.2692
            ],
            [
              10.2155,
              26.2844
            ],
            [
              10.1997,
              26.2893
            ],
            [
              10.1894,
              26.3269
            ],
            [
              10.2079,
              26.3233
            ],
            [
              10.215,
              26.3187
            ],
            [
              10.2197,
              26.3063
            ],
            [
              10.2299,
              26.3073
            ],
            [
              10.2404,
              26.3016
            ],
            [
              10.2421,
              26.2938
            ],
            [
              10.2522,
              26.2847
            ],
            [
              10.2534,
              26.2723
            ],
            [
              10.2606,
              26.2638
            ],
            [
              10.2975,
              26.2698
            ],
            [
              10.3228,
              26.2578
            ],
            [
              10.3381,
              26.2564
            ],
            [
              10.3305,
              26.2457
            ],
            [
              10.3126,
              26.2532
            ],
            [
              10.306,
              26.2412
            ],
            [
              10.3326,
              26.2262
            ],
            [
              10.3965,
              26.1873
            ],
            [
              10.4163,
              26.1607
            ],
            [
              10.5653,
              26.1377
            ],
            [
              10.6335,
              26.0719
            ],
            [
              10.7001,
              25.987
            ],
            [
              10.7461,
              25.9561
            ],
            [
              10.7866,
              25.9251
            ],
            [
              10.835,
              25.9249
            ],
            [
              10.8359,
              25.9128
            ],
            [
              10.8501,
              25.9243
            ],
            [
              10.8826,
              25.9394
            ],
            [
              10.8929,
              25.9719
            ],
            [
              10.8984,
              26.056
            ],
            [
              10.8953,
              26.1203
            ],
            [
              10.854,
              26.1552
            ],
            [
              10.8255,
              26.1893
            ],
            [
              10.7961,
              26.2369
            ],
            [
              10.7858,
              26.3114
            ],
            [
              10.8212,
              26.3344
            ],
            [
              10.9006,
              26.3249
            ],
            [
              11.0354,
              26.217
            ],
            [
              11.1481,
              26.1726
            ],
            [
              11.2383,
              26.2703
            ],
            [
              11.3577,
              26.3143
            ],
            [
              11.4308,
              26.343
            ],
            [
              11.4875,
              26.3619
            ],
            [
              11.6866,
              26.4157
            ],
            [
              11.7619,
              26.4447
            ],
            [
              11.7996,
              26.4622
            ],
            [
              11.9009,
              26.5036
            ],
            [
              12.0153,
              26.5358
            ],
            [
              12.1593,
              26.565
            ],
            [
              12.3338,
              26.5907
            ],
            [
              12.6264,
              26.6089
            ],
            [
              12.7096,
              26.6298
            ],
            [
              12.8432,
              26.6304
            ],
            [
              12.8938,
              26.6264
            ],
            [
              12.9196,
              26.607
            ],
            [
              12.946,
              26.6039
            ],
            [
              12.9486,
              26.5999
            ],
            [
              12.9707,
              26.5905
            ],
            [
              13.009,
              26.5855
            ],
            [
              13.0616,
              26.5829
            ],
            [
              13.1331,
              26.5928
            ],
            [
              13.1718,
              26.5919
            ],
            [
              13.1812,
              26.5845
            ],
            [
              13.2206,
              26.5714
            ],
            [
              13.2475,
              26.5722
            ],
            [
              13.2605,
              26.5663
            ],
            [
              13.2748,
              26.5535
            ],
            [
              13.2881,
              26.5489
            ],
            [
              13.3106,
              26.5525
            ],
            [
              13.3486,
              26.552
            ],
            [
              13.3657,
              26.5551
            ],
            [
              13.3965,
              26.5773
            ],
            [
              13.4285,
              26.5934
            ],
            [
              13.4493,
              26.5973
            ],
            [
              13.4707,
              26.5979
            ],
            [
              13.504,
              26.6043
            ],
            [
              13.5348,
              26.6191
            ],
            [
              13.5572,
              26.6229
            ],
            [
              13.605,
              26.6453
            ],
            [
              13.6546,
              26.6711
            ],
            [
              13.6774,
              26.6749
            ],
            [
              13.6922,
              26.6846
            ],
            [
              13.7363,
              26.6997
            ],
            [
              13.7646,
              26.7056
            ],
            [
              13.8195,
              26.7225
            ],
            [
              13.8761,
              26.7296
            ],
            [
              13.8947,
              26.7441
            ],
            [
              13.9221,
              26.7564
            ],
            [
              13.9598,
              26.7651
            ],
            [
              14.0202,
              26.7855
            ],
            [
              14.0421,
              26.8
            ],
            [
              14.0569,
              26.8131
            ],
            [
              14.0676,
              26.8169
            ],
            [
              14.094,
              26.8141
            ],
            [
              14.1277,
              26.8373
            ],
            [
              14.1396,
              26.85
            ],
            [
              14.1565,
              26.8726
            ],
            [
              14.1922,
              26.8958
            ],
            [
              14.2172,
              26.898
            ],
            [
              14.232,
              26.892
            ],
            [
              14.2289,
              26.8813
            ],
            [
              14.2164,
              26.876
            ],
            [
              14.2086,
              26.8655
            ],
            [
              14.2277,
              26.853
            ],
            [
              14.2372,
              26.8568
            ],
            [
              14.2635,
              26.8568
            ],
            [
              14.2741,
              26.8599
            ],
            [
              14.2915,
              26.8928
            ],
            [
              14.3143,
              26.9116
            ],
            [
              14.3396,
              26.9211
            ],
            [
              14.3494,
              26.9183
            ],
            [
              14.3609,
              26.9062
            ],
            [
              14.3682,
              26.9071
            ],
            [
              14.3873,
              26.9247
            ],
            [
              14.4002,
              26.943
            ],
            [
              14.4002,
              26.9545
            ],
            [
              14.4097,
              26.9842
            ],
            [
              14.4013,
              26.9988
            ],
            [
              14.383,
              26.9996
            ],
            [
              14.3334,
              26.9971
            ],
            [
              14.3177,
              27.0075
            ],
            [
              14.3115,
              27.0181
            ],
            [
              14.3183,
              27.0364
            ],
            [
              14.3457,
              27.0829
            ],
            [
              14.3645,
              27.0972
            ],
            [
              14.3655,
              27.1033
            ],
            [
              14.3819,
              27.1132
            ],
            [
              14.4175,
              27.1413
            ],
            [
              14.433,
              27.1449
            ],
            [
              14.452,
              27.1455
            ],
            [
              14.4972,
              27.1651
            ],
            [
              14.5618,
              27.1997
            ],
            [
              14.6098,
              27.2414
            ],
            [
              14.6244,
              27.2493
            ],
            [
              14.6895,
              27.2608
            ],
            [
              14.7015,
              27.2659
            ],
            [
              14.7405,
              27.293
            ],
            [
              14.7493,
              27.3024
            ],
            [
              14.8186,
              27.3305
            ],
            [
              14.8614,
              27.3757
            ],
            [
              14.8598,
              27.4304
            ],
            [
              14.8551,
              27.4582
            ],
            [
              14.8646,
              27.4788
            ],
            [
              14.8963,
              27.5034
            ],
            [
              14.9154,
              27.5454
            ],
            [
              14.9301,
              27.5618
            ],
            [
              14.9599,
              27.6003
            ],
            [
              14.9862,
              27.6086
            ],
            [
              15.0231,
              27.63
            ],
            [
              15.0594,
              27.6389
            ],
            [
              15.0943,
              27.6552
            ],
            [
              15.0955,
              27.6655
            ],
            [
              15.0491,
              27.6683
            ],
            [
              15.0295,
              27.6675
            ],
            [
              15.0021,
              27.6552
            ],
            [
              14.9859,
              27.6522
            ],
            [
              14.9495,
              27.6388
            ],
            [
              14.8945,
              27.6252
            ],
            [
              14.8723,
              27.617
            ],
            [
              14.8559,
              27.6078
            ],
            [
              14.83,
              27.6016
            ],
            [
              14.8055,
              27.6071
            ],
            [
              14.7944,
              27.602
            ],
            [
              14.7554,
              27.5957
            ],
            [
              14.7052,
              27.5754
            ],
            [
              14.6793,
              27.5667
            ],
            [
              14.6142,
              27.5486
            ],
            [
              14.5596,
              27.5231
            ],
            [
              14.5557,
              27.5125
            ],
            [
              14.5359,
              27.4989
            ],
            [
              14.4895,
              27.4836
            ],
            [
              14.4975,
              27.4754
            ],
            [
              14.5704,
              27.4608
            ],
            [
              14.5909,
              27.4554
            ],
            [
              14.5889,
              27.4434
            ],
            [
              14.5656,
              27.4302
            ],
            [
              14.5098,
              27.419
            ],
            [
              14.4599,
              27.4038
            ],
            [
              14.417,
              27.3848
            ],
            [
              14.3738,
              27.3578
            ],
            [
              14.3317,
              27.3494
            ],
            [
              14.2942,
              27.3261
            ],
            [
              14.2514,
              27.3076
            ],
            [
              14.1591,
              27.2849
            ],
            [
              14.0393,
              27.2431
            ],
            [
              13.9723,
              27.2157
            ],
            [
              13.916,
              27.1788
            ],
            [
              13.8735,
              27.1629
            ],
            [
              13.7593,
              27.1725
            ],
            [
              13.6292,
              27.1963
            ],
            [
              13.5237,
              27.201
            ],
            [
              13.4617,
              27.2169
            ],
            [
              13.4129,
              27.2474
            ],
            [
              13.3225,
              27.2835
            ],
            [
              13.2689,
              27.3117
            ],
            [
              13.1864,
              27.3509
            ],
            [
              13.1281,
              27.3731
            ],
            [
              13.0785,
              27.41
            ],
            [
              13.052,
              27.4128
            ],
            [
              13.0341,
              27.4061
            ],
            [
              13.0151,
              27.4144
            ],
            [
              13.0032,
              27.4338
            ],
            [
              12.9695,
              27.4493
            ],
            [
              12.9623,
              27.4624
            ],
            [
              12.9361,
              27.4699
            ],
            [
              12.906,
              27.4628
            ],
            [
              12.862,
              27.4608
            ],
            [
              12.8306,
              27.4683
            ],
            [
              12.7977,
              27.4731
            ],
            [
              12.7712,
              27.4838
            ],
            [
              12.741,
              27.4866
            ],
            [
              12.7164,
              27.4862
            ],
            [
              12.7033,
              27.4917
            ],
            [
              12.6831,
              27.5104
            ],
            [
              12.6633,
              27.5366
            ],
            [
              12.6478,
              27.554
            ],
            [
              12.6595,
              27.5778
            ],
            [
              12.6601,
              27.6155
            ],
            [
              12.6367,
              27.6524
            ],
            [
              12.6062,
              27.6664
            ],
            [
              12.5788,
              27.7044
            ],
            [
              12.5732,
              27.7445
            ],
            [
              12.5839,
              27.7996
            ],
            [
              12.5542,
              27.8246
            ],
            [
              12.5411,
              27.869
            ],
            [
              12.5177,
              27.8813
            ],
            [
              12.5225,
              27.9599
            ],
            [
              12.5137,
              27.9964
            ],
            [
              12.5165,
              28.0392
            ],
            [
              12.53,
              28.0741
            ],
            [
              12.5629,
              28.1399
            ],
            [
              12.5906,
              28.2335
            ],
            [
              12.5978,
              28.2661
            ],
            [
              12.5998,
              28.3026
            ],
            [
              12.6067,
              28.3138
            ],
            [
              12.6174,
              28.3104
            ],
            [
              12.6031,
              28.3387
            ],
            [
              12.6073,
              28.3493
            ],
            [
              12.5985,
              28.3571
            ],
            [
              12.5782,
              28.3631
            ],
            [
              12.5829,
              28.3702
            ],
            [
              12.5621,
              28.3813
            ],
            [
              12.5601,
              28.3721
            ],
            [
              12.5404,
              28.3693
            ],
            [
              12.5235,
              28.3788
            ],
            [
              12.5295,
              28.3883
            ],
            [
              12.5469,
              28.3804
            ],
            [
              12.5533,
              28.3911
            ],
            [
              12.5432,
              28.415
            ],
            [
              12.5224,
              28.412
            ],
            [
              12.5045,
              28.3893
            ],
            [
              12.4878,
              28.3888
            ],
            [
              12.4762,
              28.3934
            ],
            [
              12.4423,
              28.3892
            ],
            [
              12.4143,
              28.3826
            ],
            [
              12.3852,
              28.3628
            ],
            [
              12.3305,
              28.3549
            ],
            [
              12.2964,
              28.3379
            ],
            [
              12.2413,
              28.3486
            ],
            [
              12.1873,
              28.3652
            ],
            [
              12.1588,
              28.3767
            ],
            [
              12.133,
              28.3708
            ],
            [
              12.1145,
              28.3717
            ],
            [
              12.0716,
              28.3941
            ],
            [
              12.0408,
              28.3922
            ],
            [
              11.9945,
              28.3573
            ],
            [
              11.9036,
              28.3292
            ],
            [
              11.8229,
              28.3304
            ],
            [
              11.7533,
              28.3326
            ],
            [
              11.7073,
              28.3752
            ],
            [
              11.5637,
              28.4403
            ],
            [
              11.5076,
              28.5087
            ],
            [
              11.4302,
              28.5413
            ],
            [
              11.41,
              28.5671
            ],
            [
              11.381,
              28.5899
            ],
            [
              11.3144,
              28.5963
            ],
            [
              11.1772,
              28.5598
            ],
            [
              11.0848,
              28.5241
            ],
            [
              11.0033,
              28.5058
            ],
            [
              10.9343,
              28.4996
            ],
            [
              10.8934,
              28.4586
            ],
            [
              10.8558,
              28.4104
            ],
            [
              10.8166,
              28.365
            ],
            [
              10.8031,
              28.3089
            ],
            [
              10.825,
              28.2562
            ],
            [
              10.8592,
              28.2118
            ],
            [
              10.8648,
              28.1608
            ],
            [
              10.8513,
              28.117
            ],
            [
              10.8379,
              28.0845
            ],
            [
              10.8255,
              28.0363
            ],
            [
              10.8558,
              27.9903
            ],
            [
              10.8704,
              27.9241
            ],
            [
              10.8513,
              27.8601
            ],
            [
              10.7178,
              27.7648
            ],
            [
              10.6202,
              27.7513
            ],
            [
              10.5238,
              27.7558
            ],
            [
              10.4665,
              27.7917
            ],
            [
              10.4497,
              27.831
            ],
            [
              10.4333,
              27.8429
            ],
            [
              10.3677,
              27.8154
            ],
            [
              10.2701,
              27.7879
            ],
            [
              10.2073,
              27.7778
            ],
            [
              10.1972,
              27.7952
            ],
            [
              10.2196,
              27.8193
            ],
            [
              10.2628,
              27.8519
            ],
            [
              10.2325,
              27.9007
            ],
            [
              10.2011,
              27.9433
            ],
            [
              10.1545,
              27.9848
            ],
            [
              10.1147,
              28.0325
            ],
            [
              10.0833,
              28.051
            ],
            [
              10.0395,
              28.0448
            ],
            [
              10.0104,
              28.0515
            ],
            [
              9.9823,
              28.0661
            ],
            [
              9.9582,
              28.0538
            ],
            [
              10.0059,
              27.973
            ],
            [
              10.0266,
              27.9584
            ],
            [
              10.0872,
              27.9332
            ],
            [
              10.1012,
              27.9152
            ],
            [
              10.1069,
              27.862
            ],
            [
              10.0996,
              27.8272
            ],
            [
              10.0373,
              27.8019
            ],
            [
              9.9552,
              27.7991
            ],
            [
              9.9212,
              27.8082
            ],
            [
              9.9267,
              27.8194
            ],
            [
              9.9066,
              27.8186
            ],
            [
              9.8938,
              27.8099
            ],
            [
              9.9031,
              27.7969
            ],
            [
              9.9215,
              27.795
            ],
            [
              9.9262,
              27.7869
            ],
            [
              9.9199,
              27.775
            ],
            [
              9.9361,
              27.7755
            ],
            [
              9.9508,
              27.7687
            ],
            [
              9.9617,
              27.7591
            ],
            [
              9.9557,
              27.746
            ],
            [
              9.963,
              27.7429
            ],
            [
              9.9566,
              27.7319
            ],
            [
              9.9603,
              27.7175
            ],
            [
              9.9505,
              27.7077
            ],
            [
              9.9512,
              27.6997
            ],
            [
              9.9393,
              27.6938
            ],
            [
              9.9509,
              27.6824
            ],
            [
              9.9374,
              27.6753
            ],
            [
              9.9375,
              27.6581
            ],
            [
              9.9247,
              27.6505
            ],
            [
              9.919,
              27.6333
            ],
            [
              9.9256,
              27.6241
            ],
            [
              9.9078,
              27.6164
            ],
            [
              9.9149,
              27.6081
            ],
            [
              9.8954,
              27.5972
            ],
            [
              9.887,
              27.5894
            ],
            [
              9.8733,
              27.5839
            ],
            [
              9.8491,
              27.5858
            ],
            [
              9.8464,
              27.5926
            ],
            [
              9.8589,
              27.6155
            ],
            [
              9.8494,
              27.6578
            ],
            [
              9.8808,
              27.8115
            ],
            [
              9.8802,
              27.8592
            ],
            [
              9.8578,
              27.8597
            ],
            [
              9.7709,
              27.7632
            ],
            [
              9.7019,
              27.6987
            ],
            [
              9.6407,
              27.6797
            ],
            [
              9.64,
              27.6966
            ],
            [
              9.6521,
              27.7088
            ],
            [
              9.679,
              27.7234
            ],
            [
              9.6938,
              27.7388
            ],
            [
              9.7048,
              27.7544
            ],
            [
              9.7208,
              27.7702
            ],
            [
              9.7113,
              27.779
            ],
            [
              9.6921,
              27.765
            ],
            [
              9.6854,
              27.751
            ],
            [
              9.6649,
              27.741
            ],
            [
              9.6484,
              27.7288
            ],
            [
              9.6319,
              27.724
            ],
            [
              9.6142,
              27.7353
            ],
            [
              9.5738,
              27.7222
            ],
            [
              9.5549,
              27.6992
            ],
            [
              9.5612,
              27.6886
            ],
            [
              9.5472,
              27.6866
            ],
            [
              9.5337,
              27.6898
            ],
            [
              9.5072,
              27.7038
            ],
            [
              9.5009,
              27.7118
            ],
            [
              9.5097,
              27.7225
            ],
            [
              9.5132,
              27.7437
            ],
            [
              9.4837,
              27.724
            ],
            [
              9.453,
              27.7382
            ],
            [
              9.4052,
              27.7184
            ],
            [
              9.3847,
              27.7266
            ],
            [
              9.3685,
              27.7241
            ],
            [
              9.3474,
              27.7171
            ],
            [
              9.3317,
              27.7229
            ],
            [
              9.2963,
              27.7571
            ],
            [
              9.2877,
              27.762
            ],
            [
              9.2691,
              27.7573
            ],
            [
              9.2617,
              27.752
            ],
            [
              9.2194,
              27.7438
            ],
            [
              9.1946,
              27.747
            ],
            [
              9.1933,
              27.7376
            ],
            [
              9.2155,
              27.7226
            ],
            [
              9.1884,
              27.7133
            ],
            [
              9.1483,
              27.706
            ],
            [
              9.1163,
              27.6892
            ],
            [
              9.0385,
              27.6628
            ],
            [
              8.9749,
              27.6432
            ],
            [
              8.962,
              27.6281
            ],
            [
              8.9452,
              27.6387
            ],
            [
              8.9309,
              27.6428
            ],
            [
              8.9128,
              27.6434
            ],
            [
              8.8885,
              27.6382
            ],
            [
              8.8642,
              27.64
            ],
            [
              8.8276,
              27.6343
            ],
            [
              8.8002,
              27.6262
            ],
            [
              8.7846,
              27.6137
            ],
            [
              8.7614,
              27.6049
            ],
            [
              8.7919,
              27.594
            ],
            [
              8.8107,
              27.5892
            ],
            [
              8.8341,
              27.5937
            ],
            [
              8.846,
              27.589
            ],
            [
              8.8314,
              27.574
            ],
            [
              8.8537,
              27.5756
            ],
            [
              8.8807,
              27.5653
            ],
            [
              8.8768,
              27.5589
            ],
            [
              8.9053,
              27.5555
            ],
            [
              8.9279,
              27.5489
            ],
            [
              8.9484,
              27.5337
            ],
            [
              8.9638,
              27.5379
            ],
            [
              8.9768,
              27.548
            ],
            [
              8.9789,
              27.5589
            ],
            [
              8.9917,
              27.5498
            ],
            [
              8.9819,
              27.5389
            ],
            [
              8.9931,
              27.529
            ],
            [
              9.0294,
              27.5268
            ],
            [
              9.0329,
              27.5173
            ],
            [
              9.0253,
              27.5054
            ],
            [
              9.0389,
              27.5025
            ],
            [
              9.0602,
              27.5077
            ],
            [
              9.061,
              27.4948
            ],
            [
              9.0444,
              27.4868
            ],
            [
              9.0379,
              27.4776
            ],
            [
              9.0183,
              27.471
            ],
            [
              9.0351,
              27.4632
            ],
            [
              9.0291,
              27.4571
            ],
            [
              9.0261,
              27.4362
            ],
            [
              9.0046,
              27.4257
            ],
            [
              8.9982,
              27.4064
            ],
            [
              9.0157,
              27.4018
            ],
            [
              9.0334,
              27.4052
            ],
            [
              9.0538,
              27.397
            ],
            [
              9.0737,
              27.404
            ],
            [
              9.0789,
              27.3984
            ],
            [
              9.1145,
              27.4051
            ],
            [
              9.1223,
              27.401
            ],
            [
              9.1432,
              27.4047
            ],
            [
              9.1947,
              27.4041
            ],
            [
              9.2065,
              27.4021
            ],
            [
              9.2238,
              27.4067
            ],
            [
              9.2298,
              27.4174
            ],
            [
              9.2438,
              27.4191
            ],
            [
              9.2556,
              27.4115
            ],
            [
              9.2267,
              27.4073
            ],
            [
              9.2177,
              27.3989
            ],
            [
              9.2221,
              27.3914
            ],
            [
              9.2474,
              27.3977
            ],
            [
              9.2538,
              27.3938
            ],
            [
              9.2713,
              27.3977
            ],
            [
              9.2968,
              27.3962
            ],
            [
              9.3092,
              27.4042
            ],
            [
              9.3177,
              27.4027
            ],
            [
              9.3372,
              27.4092
            ],
            [
              9.3469,
              27.4038
            ],
            [
              9.3646,
              27.4073
            ],
            [
              9.3877,
              27.4158
            ],
            [
              9.4195,
              27.4147
            ],
            [
              9.4213,
              27.4247
            ],
            [
              9.4371,
              27.4313
            ],
            [
              9.4491,
              27.43
            ],
            [
              9.4757,
              27.4471
            ],
            [
              9.4761,
              27.4543
            ],
            [
              9.4877,
              27.469
            ],
            [
              9.5128,
              27.4817
            ],
            [
              9.5479,
              27.4856
            ],
            [
              9.5784,
              27.4909
            ],
            [
              9.5735,
              27.5111
            ],
            [
              9.5709,
              27.5377
            ],
            [
              9.5584,
              27.5493
            ],
            [
              9.5586,
              27.5591
            ],
            [
              9.5719,
              27.5682
            ],
            [
              9.5909,
              27.5624
            ],
            [
              9.6185,
              27.5586
            ],
            [
              9.6262,
              27.5602
            ],
            [
              9.6392,
              27.5549
            ],
            [
              9.6525,
              27.5364
            ],
            [
              9.665,
              27.5299
            ],
            [
              9.6241,
              27.52
            ],
            [
              9.6259,
              27.5052
            ],
            [
              9.6214,
              27.497
            ],
            [
              9.6299,
              27.4916
            ],
            [
              9.6488,
              27.5014
            ],
            [
              9.6557,
              27.5089
            ],
            [
              9.6321,
              27.5113
            ],
            [
              9.6337,
              27.5188
            ],
            [
              9.6493,
              27.519
            ],
            [
              9.6666,
              27.508
            ],
            [
              9.6656,
              27.4977
            ],
            [
              9.6933,
              27.5
            ],
            [
              9.7066,
              27.5062
            ],
            [
              9.7325,
              27.4792
            ],
            [
              9.7245,
              27.466
            ],
            [
              9.7324,
              27.4608
            ],
            [
              9.7488,
              27.4603
            ],
            [
              9.7581,
              27.4563
            ],
            [
              9.7765,
              27.4377
            ],
            [
              9.7729,
              27.4305
            ],
            [
              9.7864,
              27.4253
            ],
            [
              9.7933,
              27.4291
            ],
            [
              9.8041,
              27.4107
            ],
            [
              9.8414,
              27.4123
            ],
            [
              9.8565,
              27.392
            ],
            [
              9.8362,
              27.3866
            ],
            [
              9.837,
              27.369
            ],
            [
              9.8232,
              27.3686
            ],
            [
              9.8102,
              27.3548
            ],
            [
              9.837,
              27.349
            ],
            [
              9.8393,
              27.3435
            ],
            [
              9.8606,
              27.3435
            ],
            [
              9.884,
              27.3303
            ],
            [
              9.8974,
              27.3283
            ],
            [
              9.9061,
              27.3153
            ],
            [
              9.9166,
              27.318
            ],
            [
              9.9207,
              27.3012
            ],
            [
              9.9104,
              27.2927
            ],
            [
              9.913,
              27.278
            ],
            [
              9.9252,
              27.2883
            ],
            [
              9.9392,
              27.2797
            ],
            [
              9.9272,
              27.2637
            ],
            [
              9.9305,
              27.2537
            ],
            [
              9.9473,
              27.2408
            ],
            [
              9.9534,
              27.2277
            ],
            [
              9.9635,
              27.2302
            ],
            [
              9.9815,
              27.2235
            ],
            [
              9.9748,
              27.2115
            ],
            [
              9.988,
              27.2014
            ],
            [
              9.9895,
              27.1887
            ],
            [
              10.0038,
              27.179
            ],
            [
              10.0028,
              27.1729
            ],
            [
              10.019,
              27.1614
            ],
            [
              10.0289,
              27.1678
            ],
            [
              10.046,
              27.1688
            ],
            [
              10.0528,
              27.1607
            ],
            [
              10.0693,
              27.1735
            ],
            [
              10.0812,
              27.1648
            ],
            [
              10.0879,
              27.1738
            ],
            [
              10.116,
              27.1811
            ],
            [
              10.1244,
              27.1781
            ],
            [
              10.147,
              27.1951
            ],
            [
              10.1596,
              27.2088
            ],
            [
              10.1693,
              27.2251
            ],
            [
              10.2026,
              27.2418
            ],
            [
              10.2133,
              27.2452
            ],
            [
              10.2287,
              27.2596
            ],
            [
              10.2355,
              27.2473
            ],
            [
              10.2212,
              27.2384
            ],
            [
              10.2209,
              27.2247
            ],
            [
              10.2154,
              27.2179
            ],
            [
              10.1845,
              27.2071
            ],
            [
              10.1704,
              27.1979
            ],
            [
              10.1671,
              27.1909
            ]
          ]
        ]
      }
    },
    {
      "type": "Feature",
      "properties": {
        "name": "Idhan Tanezzouft",
        "category": "erg",
        "countries": [
          "LY"
        ],
        "labelMinzoom": 8
      },
      "geometry": {
        "type": "Polygon",
        "coordinates": [
          [
            [
              10.1986,
              25.0073
            ],
            [
              10.2038,
              24.9903
            ],
            [
              10.2024,
              24.9809
            ],
            [
              10.2176,
              24.9734
            ],
            [
              10.2261,
              24.9804
            ],
            [
              10.2335,
              25.0135
            ],
            [
              10.2414,
              25.0206
            ],
            [
              10.2495,
              25.0412
            ],
            [
              10.251,
              25.0556
            ],
            [
              10.2432,
              25.0768
            ],
            [
              10.2424,
              25.1006
            ],
            [
              10.2292,
              25.1085
            ],
            [
              10.238,
              25.1176
            ],
            [
              10.2496,
              25.1479
            ],
            [
              10.2465,
              25.159
            ],
            [
              10.2334,
              25.1634
            ],
            [
              10.2199,
              25.1776
            ],
            [
              10.2409,
              25.1853
            ],
            [
              10.2537,
              25.1873
            ],
            [
              10.2613,
              25.193
            ],
            [
              10.2703,
              25.2117
            ],
            [
              10.2599,
              25.2155
            ],
            [
              10.2528,
              25.224
            ],
            [
              10.2235,
              25.23
            ],
            [
              10.2156,
              25.2196
            ],
            [
              10.2246,
              25.2128
            ],
            [
              10.2273,
              25.2013
            ],
            [
              10.217,
              25.2013
            ],
            [
              10.2136,
              25.1883
            ],
            [
              10.2158,
              25.166
            ],
            [
              10.2203,
              25.1566
            ],
            [
              10.2168,
              25.1455
            ],
            [
              10.2077,
              25.1479
            ],
            [
              10.2096,
              25.1184
            ],
            [
              10.2025,
              25.1067
            ],
            [
              10.2055,
              25.0982
            ],
            [
              10.2019,
              25.0819
            ],
            [
              10.2045,
              25.0618
            ],
            [
              10.2003,
              25.0562
            ],
            [
              10.1999,
              25.0398
            ],
            [
              10.2047,
              25.0297
            ],
            [
              10.1994,
              25.0222
            ],
            [
              10.1986,
              25.0073
            ]
          ]
        ]
      }
    },
    {
      "type": "Feature",
      "properties": {
        "name": "Idhan Titersine",
        "category": "erg",
        "countries": [
          "LY"
        ],
        "labelMinzoom": 7,
        "labelMinSize": 8,
        "labelMaxSize": 30
      },
      "geometry": {
        "type": "Polygon",
        "coordinates": [
          [
            [
              9.9448,
              25.5506
            ],
            [
              9.9324,
              25.5457
            ],
            [
              9.9507,
              25.5364
            ],
            [
              9.9791,
              25.5406
            ],
            [
              9.997,
              25.5338
            ],
            [
              10.0104,
              25.5341
            ],
            [
              10.0161,
              25.5277
            ],
            [
              10.0333,
              25.5298
            ],
            [
              10.043,
              25.5439
            ],
            [
              10.0529,
              25.5345
            ],
            [
              10.0512,
              25.5284
            ],
            [
              10.0212,
              25.5201
            ],
            [
              10.0229,
              25.5124
            ],
            [
              10.052,
              25.5143
            ],
            [
              10.0679,
              25.5301
            ],
            [
              10.0914,
              25.5319
            ],
            [
              10.1134,
              25.5242
            ],
            [
              10.137,
              25.5235
            ],
            [
              10.1516,
              25.5326
            ],
            [
              10.1627,
              25.5453
            ],
            [
              10.1871,
              25.5507
            ],
            [
              10.1999,
              25.5489
            ],
            [
              10.2207,
              25.5524
            ],
            [
              10.2249,
              25.564
            ],
            [
              10.2398,
              25.5585
            ],
            [
              10.2608,
              25.565
            ],
            [
              10.2731,
              25.5615
            ],
            [
              10.2887,
              25.5501
            ],
            [
              10.2829,
              25.5402
            ],
            [
              10.291,
              25.5263
            ],
            [
              10.2875,
              25.5087
            ],
            [
              10.3003,
              25.507
            ],
            [
              10.303,
              25.4815
            ],
            [
              10.3142,
              25.4892
            ],
            [
              10.3073,
              25.5012
            ],
            [
              10.3112,
              25.5172
            ],
            [
              10.3277,
              25.5224
            ],
            [
              10.3312,
              25.5345
            ],
            [
              10.3281,
              25.5521
            ],
            [
              10.3412,
              25.5683
            ],
            [
              10.3412,
              25.5739
            ],
            [
              10.3267,
              25.5777
            ],
            [
              10.3181,
              25.5925
            ],
            [
              10.3271,
              25.6018
            ],
            [
              10.3328,
              25.6192
            ],
            [
              10.3326,
              25.6298
            ],
            [
              10.3194,
              25.649
            ],
            [
              10.3153,
              25.6724
            ],
            [
              10.3269,
              25.7021
            ],
            [
              10.3265,
              25.7111
            ],
            [
              10.3171,
              25.7225
            ],
            [
              10.3045,
              25.7222
            ],
            [
              10.3041,
              25.7371
            ],
            [
              10.3087,
              25.7585
            ],
            [
              10.3023,
              25.7789
            ],
            [
              10.3207,
              25.8008
            ],
            [
              10.3143,
              25.826
            ],
            [
              10.3205,
              25.8476
            ],
            [
              10.3444,
              25.8595
            ],
            [
              10.3418,
              25.8706
            ],
            [
              10.3214,
              25.8959
            ],
            [
              10.3149,
              25.9108
            ],
            [
              10.3229,
              25.9276
            ],
            [
              10.3115,
              25.9256
            ],
            [
              10.3035,
              25.8937
            ],
            [
              10.2824,
              25.9029
            ],
            [
              10.2926,
              25.881
            ],
            [
              10.2853,
              25.88
            ],
            [
              10.259,
              25.8855
            ],
            [
              10.2424,
              25.8731
            ],
            [
              10.2295,
              25.8582
            ],
            [
              10.2331,
              25.8479
            ],
            [
              10.2212,
              25.8347
            ],
            [
              10.1903,
              25.8118
            ],
            [
              10.1682,
              25.8116
            ],
            [
              10.1745,
              25.7964
            ],
            [
              10.1639,
              25.7932
            ],
            [
              10.1579,
              25.8028
            ],
            [
              10.1397,
              25.8019
            ],
            [
              10.1365,
              25.7935
            ],
            [
              10.1192,
              25.7905
            ],
            [
              10.1009,
              25.7813
            ],
            [
              10.0953,
              25.7708
            ],
            [
              10.081,
              25.7675
            ],
            [
              10.0683,
              25.7525
            ],
            [
              10.0542,
              25.7512
            ],
            [
              10.0497,
              25.7301
            ],
            [
              10.0425,
              25.7299
            ],
            [
              10.0402,
              25.718
            ],
            [
              10.0555,
              25.7203
            ],
            [
              10.06,
              25.7265
            ],
            [
              10.0704,
              25.7227
            ],
            [
              10.0677,
              25.7031
            ],
            [
              10.0634,
              25.6991
            ],
            [
              10.044,
              25.6987
            ],
            [
              10.0266,
              25.6759
            ],
            [
              10.0275,
              25.6667
            ],
            [
              10.0446,
              25.6788
            ],
            [
              10.0589,
              25.6662
            ],
            [
              10.0601,
              25.6599
            ],
            [
              10.0445,
              25.6548
            ],
            [
              10.0301,
              25.6551
            ],
            [
              10.0178,
              25.6598
            ],
            [
              10.0068,
              25.6449
            ],
            [
              9.9873,
              25.6413
            ],
            [
              9.9789,
              25.6332
            ],
            [
              9.9761,
              25.6211
            ],
            [
              9.9586,
              25.6055
            ],
            [
              9.9539,
              25.5873
            ],
            [
              9.9597,
              25.5716
            ],
            [
              9.9448,
              25.5506
            ]
          ]
        ]
      }
    },
    {
      "type": "Feature",
      "properties": {
        "name": "Idhan Kasa",
        "category": "erg",
        "countries": [
          "LY"
        ],
        "labelMinzoom": 6,
        "labelMinSize": 12,
        "labelMaxSize": 40,
        "labelRotation": -90
      },
      "geometry": {
        "type": "Polygon",
        "coordinates": [
          [
            [
              10.928071,
              25.763327
            ],
            [
              10.917911,
              25.713906
            ],
            [
              10.883367,
              25.686441
            ],
            [
              10.846791,
              25.697428
            ],
            [
              10.854919,
              25.664465
            ],
            [
              10.863047,
              25.615003
            ],
            [
              10.873207,
              25.598511
            ],
            [
              10.871175,
              25.572853
            ],
            [
              10.865079,
              25.539856
            ],
            [
              10.848823,
              25.516019
            ],
            [
              10.817274,
              25.535055
            ],
            [
              10.80305,
              25.525887
            ],
            [
              10.811178,
              25.476368
            ],
            [
              10.827434,
              25.450683
            ],
            [
              10.821338,
              25.419488
            ],
            [
              10.798986,
              25.351563
            ],
            [
              10.78273,
              25.30381
            ],
            [
              10.768506,
              25.281763
            ],
            [
              10.764442,
              25.248686
            ],
            [
              10.776634,
              25.228468
            ],
            [
              10.794922,
              25.197215
            ],
            [
              10.819872,
              25.174787
            ],
            [
              10.842224,
              25.138001
            ],
            [
              10.827037,
              25.106533
            ],
            [
              10.810781,
              25.091812
            ],
            [
              10.820941,
              25.071568
            ],
            [
              10.818213,
              25.036642
            ],
            [
              10.799925,
              25.014548
            ],
            [
              10.826341,
              24.986924
            ],
            [
              10.854789,
              24.924286
            ],
            [
              10.881205,
              24.889269
            ],
            [
              10.848693,
              24.883739
            ],
            [
              10.838533,
              24.857929
            ],
            [
              10.879173,
              24.811827
            ],
            [
              10.925909,
              24.776778
            ],
            [
              10.917781,
              24.74541
            ],
            [
              10.919813,
              24.730646
            ],
            [
              10.958421,
              24.71588
            ],
            [
              10.970613,
              24.699266
            ],
            [
              10.970613,
              24.677111
            ],
            [
              10.944197,
              24.640177
            ],
            [
              10.942165,
              24.606927
            ],
            [
              10.956389,
              24.557036
            ],
            [
              10.982805,
              24.538552
            ],
            [
              11.011253,
              24.508973
            ],
            [
              11.007189,
              24.47199
            ],
            [
              10.974677,
              24.434995
            ],
            [
              10.942165,
              24.409093
            ],
            [
              10.923877,
              24.375781
            ],
            [
              10.899493,
              24.342461
            ],
            [
              10.881205,
              24.329501
            ],
            [
              10.881205,
              24.301725
            ],
            [
              10.897461,
              24.285057
            ],
            [
              10.948261,
              24.283204
            ],
            [
              10.994997,
              24.286909
            ],
            [
              11.021413,
              24.272091
            ],
            [
              11.025477,
              24.240596
            ],
            [
              11.066117,
              24.214654
            ],
            [
              11.133173,
              24.212801
            ],
            [
              11.179909,
              24.222067
            ],
            [
              11.192101,
              24.253566
            ],
            [
              11.155525,
              24.286909
            ],
            [
              11.147397,
              24.309133
            ],
            [
              11.169749,
              24.331353
            ],
            [
              11.183973,
              24.346164
            ],
            [
              11.188037,
              24.37393
            ],
            [
              11.200229,
              24.39799
            ],
            [
              11.216485,
              24.486045
            ],
            [
              11.208357,
              24.515629
            ],
            [
              11.222581,
              24.543358
            ],
            [
              11.242901,
              24.565537
            ],
            [
              11.261189,
              24.630203
            ],
            [
              11.305731,
              24.670375
            ],
            [
              11.321987,
              24.690685
            ],
            [
              11.326051,
              24.734987
            ],
            [
              11.303699,
              24.74975
            ],
            [
              11.248835,
              24.762667
            ],
            [
              11.158812,
              24.827788
            ],
            [
              11.118172,
              24.85176
            ],
            [
              11.08566,
              24.883102
            ],
            [
              11.090017,
              24.941294
            ],
            [
              11.079857,
              24.976296
            ],
            [
              11.114401,
              25.007606
            ],
            [
              11.161137,
              25.016813
            ],
            [
              11.165201,
              25.057316
            ],
            [
              11.155041,
              25.112527
            ],
            [
              11.169265,
              25.173229
            ],
            [
              11.157073,
              25.206327
            ],
            [
              11.132689,
              25.237577
            ],
            [
              11.114401,
              25.274333
            ],
            [
              11.092049,
              25.323935
            ],
            [
              11.094081,
              25.377188
            ],
            [
              11.106273,
              25.437758
            ],
            [
              11.108305,
              25.483625
            ],
            [
              11.104241,
              25.540475
            ],
            [
              11.096113,
              25.586302
            ],
            [
              11.063601,
              25.635775
            ],
            [
              11.047345,
              25.692553
            ],
            [
              11.035153,
              25.749303
            ],
            [
              11.004673,
              25.771264
            ],
            [
              10.939649,
              25.79505
            ],
            [
              10.928071,
              25.763327
            ]
          ]
        ]
      }
    },
    {
      "type": "Feature",
      "properties": {
        "name": "Grand Erg Oriental",
        "category": "erg",
        "countries": [
          "DZ",
          "TN"
        ],
        "labelMinzoom": 3,
        "labelMinSize": 5,
        "labelMaxSize": 60,
        "labelCoordinates": [
          7.7,
          32.5
        ]
      },
      "geometry": {
        "type": "MultiPolygon",
        "coordinates": [
          [
            [
              [
                7.9386,
                34.0245
              ],
              [
                7.9399,
                34.0332
              ],
              [
                7.9161,
                34.0314
              ],
              [
                7.9004,
                34.0337
              ],
              [
                7.8978,
                34.0246
              ],
              [
                7.9136,
                34.0226
              ],
              [
                7.9386,
                34.0245
              ]
            ]
          ],
          [
            [
              [
                8.0896,
                33.8911
              ],
              [
                8.0429,
                33.9357
              ],
              [
                8.0187,
                33.9295
              ],
              [
                7.9512,
                33.928
              ],
              [
                7.9356,
                33.9262
              ],
              [
                7.9338,
                33.9362
              ],
              [
                7.9494,
                33.9405
              ],
              [
                7.9643,
                33.9383
              ],
              [
                8.0132,
                33.9481
              ],
              [
                8.0121,
                33.9528
              ],
              [
                8.033,
                33.9618
              ],
              [
                8.0411,
                33.9762
              ],
              [
                8.0493,
                33.9675
              ],
              [
                8.0547,
                33.9533
              ],
              [
                8.0907,
                33.9722
              ],
              [
                8.0889,
                33.9836
              ],
              [
                8.099,
                33.9919
              ],
              [
                8.1153,
                33.9815
              ],
              [
                8.137,
                33.9868
              ],
              [
                8.1441,
                33.9988
              ],
              [
                8.0956,
                34.0215
              ],
              [
                8.0729,
                34.0158
              ],
              [
                8.0676,
                34.0292
              ],
              [
                8.0995,
                34.0452
              ],
              [
                8.1281,
                34.049
              ],
              [
                8.1227,
                34.0589
              ],
              [
                8.1325,
                34.0711
              ],
              [
                8.1148,
                34.0859
              ],
              [
                8.0928,
                34.0785
              ],
              [
                8.0245,
                34.0801
              ],
              [
                7.991,
                34.0919
              ],
              [
                7.9707,
                34.0897
              ],
              [
                7.9692,
                34.0778
              ],
              [
                7.9541,
                34.0741
              ],
              [
                7.9466,
                34.0681
              ],
              [
                7.8927,
                34.0672
              ],
              [
                7.9237,
                34.0578
              ],
              [
                7.9275,
                34.048
              ],
              [
                7.8746,
                34.0474
              ],
              [
                7.8844,
                34.0393
              ],
              [
                7.9076,
                34.0421
              ],
              [
                7.922,
                34.0364
              ],
              [
                7.9382,
                34.0391
              ],
              [
                7.9544,
                34.0356
              ],
              [
                7.9606,
                34.0268
              ],
              [
                7.9401,
                34.0169
              ],
              [
                7.9152,
                34.0094
              ],
              [
                7.8951,
                34.0091
              ],
              [
                7.8523,
                34.0033
              ],
              [
                7.8174,
                34.0024
              ],
              [
                7.8156,
                34.0059
              ],
              [
                7.7864,
                33.9987
              ],
              [
                7.7675,
                33.9987
              ],
              [
                7.7532,
                34.0051
              ],
              [
                7.7474,
                34.0209
              ],
              [
                7.7346,
                34.0202
              ],
              [
                7.7257,
                34.0296
              ],
              [
                7.67,
                34.033
              ],
              [
                7.651,
                34.0311
              ],
              [
                7.5936,
                34.0293
              ],
              [
                7.5378,
                34.0398
              ],
              [
                7.5229,
                34.0371
              ],
              [
                7.4965,
                34.0478
              ],
              [
                7.4632,
                34.049
              ],
              [
                7.4482,
                34.0279
              ],
              [
                7.4458,
                34.0116
              ],
              [
                7.4294,
                34.0168
              ],
              [
                7.4347,
                34.0471
              ],
              [
                7.4165,
                34.0447
              ],
              [
                7.4017,
                34.0234
              ],
              [
                7.3598,
                34.0183
              ],
              [
                7.3615,
                34.0324
              ],
              [
                7.3562,
                34.0399
              ],
              [
                7.3593,
                34.0535
              ],
              [
                7.3376,
                34.0627
              ],
              [
                7.3427,
                34.0472
              ],
              [
                7.3411,
                34.0158
              ],
              [
                7.3186,
                34.0092
              ],
              [
                7.3294,
                34.0283
              ],
              [
                7.3301,
                34.0659
              ],
              [
                7.3197,
                34.0704
              ],
              [
                7.3006,
                34.0434
              ],
              [
                7.286,
                34.0341
              ],
              [
                7.2553,
                34.0451
              ],
              [
                7.2443,
                34.0317
              ],
              [
                7.2592,
                34.0249
              ],
              [
                7.2584,
                34.0168
              ],
              [
                7.2379,
                34.0024
              ],
              [
                7.2295,
                33.9865
              ],
              [
                7.217,
                33.9766
              ],
              [
                7.2014,
                33.9724
              ],
              [
                7.2024,
                34.0064
              ],
              [
                7.2172,
                34.0318
              ],
              [
                7.2254,
                34.0568
              ],
              [
                7.184,
                34.0664
              ],
              [
                7.147,
                34.0775
              ],
              [
                7.1363,
                34.0703
              ],
              [
                7.1369,
                34.054
              ],
              [
                7.1253,
                34.0611
              ],
              [
                7.1095,
                34.0623
              ],
              [
                7.0963,
                34.0554
              ],
              [
                7.0822,
                34.0579
              ],
              [
                7.0575,
                34.0715
              ],
              [
                7.0265,
                34.0715
              ],
              [
                7.0114,
                34.0434
              ],
              [
                6.9983,
                34.0432
              ],
              [
                7.0006,
                34.0563
              ],
              [
                6.9787,
                34.0558
              ],
              [
                6.9752,
                34.0468
              ],
              [
                6.9628,
                34.0462
              ],
              [
                6.9556,
                34.0537
              ],
              [
                6.9446,
                34.0515
              ],
              [
                6.9434,
                34.032
              ],
              [
                6.9298,
                34.0523
              ],
              [
                6.9008,
                34.0858
              ],
              [
                6.8795,
                34.1009
              ],
              [
                6.8833,
                34.1142
              ],
              [
                6.8702,
                34.1163
              ],
              [
                6.8699,
                34.0956
              ],
              [
                6.8788,
                34.0856
              ],
              [
                6.8905,
                34.0561
              ],
              [
                6.9005,
                34.0496
              ],
              [
                6.9133,
                34.0194
              ],
              [
                6.9142,
                34.0028
              ],
              [
                6.92,
                33.9943
              ],
              [
                6.9341,
                33.9942
              ],
              [
                6.9199,
                33.9761
              ],
              [
                6.9187,
                33.9666
              ],
              [
                6.9243,
                33.9174
              ],
              [
                6.9343,
                33.9107
              ],
              [
                6.9382,
                33.8881
              ],
              [
                6.9535,
                33.8604
              ],
              [
                6.9458,
                33.8513
              ],
              [
                6.9562,
                33.8364
              ],
              [
                6.9341,
                33.8222
              ],
              [
                6.9259,
                33.7994
              ],
              [
                6.9368,
                33.7937
              ],
              [
                6.9336,
                33.7833
              ],
              [
                6.9416,
                33.7721
              ],
              [
                6.941,
                33.7555
              ],
              [
                6.9269,
                33.7512
              ],
              [
                6.924,
                33.7443
              ],
              [
                6.9077,
                33.7403
              ],
              [
                6.8965,
                33.7436
              ],
              [
                6.9012,
                33.7158
              ],
              [
                6.9471,
                33.6751
              ],
              [
                6.9902,
                33.6166
              ],
              [
                6.9988,
                33.6236
              ],
              [
                7.0055,
                33.6477
              ],
              [
                6.9838,
                33.6645
              ],
              [
                6.9849,
                33.6812
              ],
              [
                7.0009,
                33.6821
              ],
              [
                7.0157,
                33.6909
              ],
              [
                7.0253,
                33.6867
              ],
              [
                7.0427,
                33.6959
              ],
              [
                7.0497,
                33.6887
              ],
              [
                7.0504,
                33.6728
              ],
              [
                7.0411,
                33.6712
              ],
              [
                7.0386,
                33.6496
              ],
              [
                7.0323,
                33.6282
              ],
              [
                7.0674,
                33.633
              ],
              [
                7.1,
                33.6412
              ],
              [
                7.1048,
                33.6467
              ],
              [
                7.1356,
                33.6527
              ],
              [
                7.1412,
                33.6299
              ],
              [
                7.1354,
                33.6253
              ],
              [
                7.113,
                33.6364
              ],
              [
                7.0993,
                33.627
              ],
              [
                7.0907,
                33.6266
              ],
              [
                7.087,
                33.6167
              ],
              [
                7.066,
                33.6152
              ],
              [
                7.0712,
                33.6032
              ],
              [
                7.0828,
                33.6065
              ],
              [
                7.0885,
                33.5984
              ],
              [
                7.1123,
                33.5973
              ],
              [
                7.1146,
                33.5761
              ],
              [
                7.1043,
                33.5714
              ],
              [
                7.0973,
                33.5605
              ],
              [
                7.0956,
                33.5487
              ],
              [
                7.0762,
                33.5451
              ],
              [
                7.0618,
                33.5145
              ],
              [
                7.0758,
                33.5
              ],
              [
                7.0759,
                33.4776
              ],
              [
                7.0606,
                33.4564
              ],
              [
                7.0748,
                33.4497
              ],
              [
                7.0459,
                33.4095
              ],
              [
                7.0419,
                33.4167
              ],
              [
                7.0254,
                33.425
              ],
              [
                7.0084,
                33.404
              ],
              [
                6.9893,
                33.398
              ],
              [
                6.9778,
                33.3843
              ],
              [
                7.1473,
                33.3179
              ],
              [
                6.9578,
                33.2946
              ],
              [
                6.9701,
                33.2763
              ],
              [
                6.9681,
                33.2655
              ],
              [
                6.9799,
                33.258
              ],
              [
                6.9691,
                33.2526
              ],
              [
                6.9583,
                33.241
              ],
              [
                6.957,
                33.2281
              ],
              [
                6.9476,
                33.2259
              ],
              [
                6.9355,
                33.2143
              ],
              [
                6.9252,
                33.1947
              ],
              [
                6.9117,
                33.2069
              ],
              [
                6.9042,
                33.1944
              ],
              [
                6.8901,
                33.1948
              ],
              [
                6.8182,
                33.0795
              ],
              [
                6.7675,
                33.0641
              ],
              [
                6.7358,
                33.0968
              ],
              [
                6.6673,
                33.1396
              ],
              [
                6.5674,
                33.1392
              ],
              [
                6.5226,
                33.0932
              ],
              [
                6.4919,
                33.0927
              ],
              [
                6.4453,
                33.0684
              ],
              [
                6.393,
                33.0699
              ],
              [
                6.3589,
                33.0863
              ],
              [
                6.3085,
                33.1253
              ],
              [
                6.2888,
                33.1254
              ],
              [
                6.2407,
                33.1165
              ],
              [
                6.2194,
                33.1256
              ],
              [
                6.1903,
                33.1191
              ],
              [
                6.1733,
                33.1063
              ],
              [
                6.1703,
                33.0975
              ],
              [
                6.1241,
                33.0104
              ],
              [
                6.093,
                33.0123
              ],
              [
                6.0853,
                33.0082
              ],
              [
                6.0841,
                32.9917
              ],
              [
                6.0644,
                32.9753
              ],
              [
                6.0637,
                32.9612
              ],
              [
                6.0687,
                32.9544
              ],
              [
                6.0954,
                32.955
              ],
              [
                6.0948,
                32.9416
              ],
              [
                6.1078,
                32.9413
              ],
              [
                6.1223,
                32.9657
              ],
              [
                6.1346,
                32.9787
              ],
              [
                6.1463,
                32.9582
              ],
              [
                6.1911,
                31.7223
              ],
              [
                6.2302,
                31.6987
              ],
              [
                6.2669,
                31.671
              ],
              [
                6.2633,
                31.66
              ],
              [
                6.2692,
                31.6492
              ],
              [
                6.2368,
                31.6339
              ],
              [
                6.2454,
                31.6122
              ],
              [
                6.2454,
                31.5958
              ],
              [
                6.2389,
                31.5715
              ],
              [
                6.2382,
                31.5426
              ],
              [
                6.2622,
                31.5338
              ],
              [
                6.265,
                31.5431
              ],
              [
                6.2691,
                31.5794
              ],
              [
                6.2838,
                31.5616
              ],
              [
                6.2859,
                31.5376
              ],
              [
                6.3147,
                31.5068
              ],
              [
                6.3748,
                31.4659
              ],
              [
                6.3954,
                31.4459
              ],
              [
                6.4503,
                31.3999
              ],
              [
                6.4782,
                31.3677
              ],
              [
                6.5321,
                31.3249
              ],
              [
                6.7453,
                31.2354
              ],
              [
                6.7854,
                31.226
              ],
              [
                6.8472,
                31.1705
              ],
              [
                6.8301,
                31.1555
              ],
              [
                6.76,
                31.1946
              ],
              [
                6.6505,
                31.2345
              ],
              [
                6.6162,
                31.2325
              ],
              [
                6.7559,
                31.1805
              ],
              [
                6.7559,
                31.1702
              ],
              [
                6.7415,
                31.1635
              ],
              [
                6.701,
                31.1664
              ],
              [
                6.6684,
                31.1546
              ],
              [
                6.6364,
                31.1526
              ],
              [
                6.5671,
                31.199
              ],
              [
                6.5067,
                31.2469
              ],
              [
                6.4555,
                31.2812
              ],
              [
                6.4297,
                31.2659
              ],
              [
                6.4208,
                31.2759
              ],
              [
                6.4174,
                31.2982
              ],
              [
                6.4067,
                31.3308
              ],
              [
                6.3415,
                31.3818
              ],
              [
                6.3312,
                31.414
              ],
              [
                6.3113,
                31.4606
              ],
              [
                6.2488,
                31.4831
              ],
              [
                6.2471,
                31.4621
              ],
              [
                6.2533,
                31.4468
              ],
              [
                6.2945,
                31.4032
              ],
              [
                6.2996,
                31.3841
              ],
              [
                6.3147,
                31.3604
              ],
              [
                6.3158,
                31.3337
              ],
              [
                6.336,
                31.2956
              ],
              [
                6.3758,
                31.2612
              ],
              [
                6.4116,
                31.2389
              ],
              [
                6.4902,
                31.2011
              ],
              [
                6.6169,
                31.137
              ],
              [
                6.6701,
                31.1044
              ],
              [
                6.6629,
                31.0762
              ],
              [
                6.621,
                31.0788
              ],
              [
                6.4843,
                31.1291
              ],
              [
                6.4679,
                31.1605
              ],
              [
                6.4373,
                31.1687
              ],
              [
                6.4479,
                31.1256
              ],
              [
                6.4356,
                31.1206
              ],
              [
                6.4304,
                31.1329
              ],
              [
                6.4308,
                31.1514
              ],
              [
                6.4146,
                31.1729
              ],
              [
                6.38,
                31.2069
              ],
              [
                6.3607,
                31.1799
              ],
              [
                6.3199,
                31.2336
              ],
              [
                6.3201,
                31.2017
              ],
              [
                6.348,
                31.174
              ],
              [
                6.3903,
                31.1599
              ],
              [
                6.4188,
                31.1191
              ],
              [
                6.508,
                31.0535
              ],
              [
                6.6972,
                30.9761
              ],
              [
                6.8036,
                30.9181
              ],
              [
                6.9107,
                30.8507
              ],
              [
                6.897,
                30.8383
              ],
              [
                6.8139,
                30.8624
              ],
              [
                6.5853,
                30.985
              ],
              [
                6.5595,
                31.0029
              ],
              [
                6.4194,
                31.0644
              ],
              [
                6.4277,
                31.0515
              ],
              [
                6.4603,
                31.0353
              ],
              [
                6.4967,
                31.0062
              ],
              [
                6.5678,
                30.9614
              ],
              [
                6.6368,
                30.9334
              ],
              [
                6.6934,
                30.9043
              ],
              [
                6.806,
                30.8489
              ],
              [
                6.8441,
                30.8259
              ],
              [
                6.829,
                30.8088
              ],
              [
                6.8108,
                30.8023
              ],
              [
                6.7748,
                30.815
              ],
              [
                6.6917,
                30.8421
              ],
              [
                6.6213,
                30.8851
              ],
              [
                6.5733,
                30.9326
              ],
              [
                6.5269,
                30.9482
              ],
              [
                6.4555,
                30.9655
              ],
              [
                6.44,
                30.9538
              ],
              [
                6.6024,
                30.871
              ],
              [
                6.6711,
                30.8262
              ],
              [
                6.737,
                30.7849
              ],
              [
                6.8366,
                30.753
              ],
              [
                6.8524,
                30.7082
              ],
              [
                6.8239,
                30.6973
              ],
              [
                6.7851,
                30.71
              ],
              [
                6.6862,
                30.7637
              ],
              [
                6.6704,
                30.7448
              ],
              [
                6.7212,
                30.6976
              ],
              [
                6.8774,
                30.6305
              ],
              [
                6.874,
                30.6101
              ],
              [
                6.851,
                30.5977
              ],
              [
                6.7841,
                30.6075
              ],
              [
                6.701,
                30.6831
              ],
              [
                6.6052,
                30.7814
              ],
              [
                6.5115,
                30.8386
              ],
              [
                6.5067,
                30.807
              ],
              [
                6.5726,
                30.7513
              ],
              [
                6.6495,
                30.6698
              ],
              [
                6.7497,
                30.5977
              ],
              [
                6.8774,
                30.4901
              ],
              [
                6.8472,
                30.4735
              ],
              [
                6.817,
                30.4877
              ],
              [
                6.7484,
                30.5339
              ],
              [
                6.6248,
                30.6474
              ],
              [
                6.5657,
                30.6781
              ],
              [
                6.5767,
                30.6249
              ],
              [
                6.6426,
                30.515
              ],
              [
                6.7538,
                30.4179
              ],
              [
                6.737,
                30.359
              ],
              [
                6.6776,
                30.3838
              ],
              [
                6.6574,
                30.43
              ],
              [
                6.6186,
                30.4549
              ],
              [
                6.565,
                30.5067
              ],
              [
                6.5571,
                30.5454
              ],
              [
                6.5303,
                30.5504
              ],
              [
                6.5163,
                30.4842
              ],
              [
                6.5897,
                30.4309
              ],
              [
                6.6045,
                30.4114
              ],
              [
                6.6251,
                30.3655
              ],
              [
                6.6361,
                30.3071
              ],
              [
                6.6292,
                30.286
              ],
              [
                6.6083,
                30.2591
              ],
              [
                6.6248,
                30.2392
              ],
              [
                6.6371,
                30.2063
              ],
              [
                6.6371,
                30.1813
              ],
              [
                6.6416,
                30.124
              ],
              [
                6.6893,
                30.0952
              ],
              [
                6.6817,
                30.0831
              ],
              [
                6.6519,
                30.0798
              ],
              [
                6.6704,
                30.0539
              ],
              [
                6.6656,
                30.0281
              ],
              [
                6.6203,
                29.9499
              ],
              [
                6.5921,
                29.9689
              ],
              [
                6.5921,
                29.9511
              ],
              [
                6.6148,
                29.935
              ],
              [
                6.6416,
                29.9273
              ],
              [
                6.6416,
                29.8674
              ],
              [
                6.6381,
                29.7373
              ],
              [
                6.6481,
                29.6973
              ],
              [
                6.6598,
                29.6567
              ],
              [
                6.6591,
                29.5588
              ],
              [
                6.6677,
                29.5039
              ],
              [
                6.6495,
                29.4357
              ],
              [
                6.6396,
                29.4043
              ],
              [
                6.6371,
                29.3847
              ],
              [
                6.6507,
                29.3539
              ],
              [
                6.6448,
                29.3315
              ],
              [
                6.6508,
                29.3127
              ],
              [
                6.6634,
                29.2873
              ],
              [
                6.6757,
                29.2334
              ],
              [
                6.6797,
                29.2007
              ],
              [
                6.6958,
                29.1651
              ],
              [
                6.7058,
                29.0922
              ],
              [
                6.6906,
                29.0774
              ],
              [
                6.691,
                29.0634
              ],
              [
                6.6962,
                29.0542
              ],
              [
                6.7152,
                29.041
              ],
              [
                6.7255,
                29.0376
              ],
              [
                6.7216,
                29.0275
              ],
              [
                6.7006,
                29.014
              ],
              [
                6.69,
                29.0385
              ],
              [
                6.6785,
                29.044
              ],
              [
                6.668,
                29.0361
              ],
              [
                6.672,
                29.0247
              ],
              [
                6.6842,
                29.0159
              ],
              [
                6.6919,
                29.003
              ],
              [
                6.697,
                28.9831
              ],
              [
                6.73,
                28.9705
              ],
              [
                6.7315,
                28.9635
              ],
              [
                6.7164,
                28.9416
              ],
              [
                6.6994,
                28.9416
              ],
              [
                6.6847,
                28.9541
              ],
              [
                6.684,
                28.9626
              ],
              [
                6.6678,
                28.9676
              ],
              [
                6.6656,
                28.9843
              ],
              [
                6.655,
                29.0035
              ],
              [
                6.6466,
                29.0041
              ],
              [
                6.6546,
                28.9843
              ],
              [
                6.6563,
                28.9674
              ],
              [
                6.649,
                28.9557
              ],
              [
                6.6476,
                28.9276
              ],
              [
                6.6417,
                28.9166
              ],
              [
                6.65,
                28.9098
              ],
              [
                6.6401,
                28.9007
              ],
              [
                6.6478,
                28.8793
              ],
              [
                6.6567,
                28.8855
              ],
              [
                6.6508,
                28.898
              ],
              [
                6.6636,
                28.8982
              ],
              [
                6.6666,
                28.909
              ],
              [
                6.6608,
                28.9505
              ],
              [
                6.6756,
                28.9544
              ],
              [
                6.6776,
                28.9228
              ],
              [
                6.6831,
                28.9111
              ],
              [
                6.6797,
                28.8931
              ],
              [
                6.6632,
                28.8615
              ],
              [
                6.6443,
                28.8206
              ],
              [
                6.6584,
                28.8239
              ],
              [
                6.69,
                28.879
              ],
              [
                6.7089,
                28.9075
              ],
              [
                6.7202,
                28.9171
              ],
              [
                6.7274,
                28.9045
              ],
              [
                6.713,
                28.8883
              ],
              [
                6.6886,
                28.8453
              ],
              [
                6.6842,
                28.8296
              ],
              [
                6.667,
                28.8101
              ],
              [
                6.656,
                28.7896
              ],
              [
                6.646,
                28.7625
              ],
              [
                6.6445,
                28.7387
              ],
              [
                6.6282,
                28.7129
              ],
              [
                6.6286,
                28.7056
              ],
              [
                6.6505,
                28.7138
              ],
              [
                6.6893,
                28.7065
              ],
              [
                6.7047,
                28.7081
              ],
              [
                6.71,
                28.7327
              ],
              [
                6.6954,
                28.7526
              ],
              [
                6.7568,
                28.8013
              ],
              [
                6.9862,
                28.7953
              ],
              [
                7.3062,
                29.0471
              ],
              [
                7.5082,
                29.2016
              ],
              [
                7.6974,
                29.3257
              ],
              [
                7.8282,
                29.3847
              ],
              [
                7.9704,
                29.4437
              ],
              [
                8.0679,
                29.4916
              ],
              [
                8.1655,
                29.5245
              ],
              [
                8.2813,
                29.5834
              ],
              [
                8.3811,
                29.6512
              ],
              [
                8.5061,
                29.7319
              ],
              [
                8.6517,
                29.8084
              ],
              [
                8.8594,
                29.8922
              ],
              [
                9.0694,
                29.9568
              ],
              [
                9.1692,
                29.9886
              ],
              [
                9.1903,
                30.1102
              ],
              [
                9.2009,
                30.1316
              ],
              [
                9.2127,
                30.1324
              ],
              [
                9.2241,
                30.1447
              ],
              [
                9.2155,
                30.1503
              ],
              [
                9.2112,
                30.1623
              ],
              [
                9.2016,
                30.1652
              ],
              [
                9.2005,
                30.1759
              ],
              [
                9.2107,
                30.1822
              ],
              [
                9.2181,
                30.1776
              ],
              [
                9.2342,
                30.1819
              ],
              [
                9.258,
                30.1818
              ],
              [
                9.2562,
                30.1732
              ],
              [
                9.2713,
                30.173
              ],
              [
                9.2805,
                30.161
              ],
              [
                9.2682,
                30.1343
              ],
              [
                9.2798,
                30.1368
              ],
              [
                9.2977,
                30.1503
              ],
              [
                9.3171,
                30.1508
              ],
              [
                9.3363,
                30.1607
              ],
              [
                9.3537,
                30.1664
              ],
              [
                9.3679,
                30.1754
              ],
              [
                9.3684,
                30.187
              ],
              [
                9.3751,
                30.1957
              ],
              [
                9.3861,
                30.1953
              ],
              [
                9.4041,
                30.2078
              ],
              [
                9.4074,
                30.2162
              ],
              [
                9.4333,
                30.2254
              ],
              [
                9.4268,
                30.2036
              ],
              [
                9.4314,
                30.1947
              ],
              [
                9.4254,
                30.1867
              ],
              [
                9.4271,
                30.175
              ],
              [
                9.4743,
                30.1831
              ],
              [
                9.494,
                30.204
              ],
              [
                9.502,
                30.2064
              ],
              [
                9.5124,
                30.2239
              ],
              [
                9.538,
                30.2425
              ],
              [
                9.5397,
                30.2556
              ],
              [
                9.5596,
                30.2661
              ],
              [
                9.5644,
                30.2587
              ],
              [
                9.5937,
                30.2748
              ],
              [
                9.6929,
                30.3346
              ],
              [
                9.7056,
                30.34
              ],
              [
                9.7321,
                30.3445
              ],
              [
                9.7553,
                30.3312
              ],
              [
                9.7559,
                30.3452
              ],
              [
                9.7787,
                30.3403
              ],
              [
                9.817,
                30.3418
              ],
              [
                9.8487,
                30.3338
              ],
              [
                9.8853,
                30.3354
              ],
              [
                9.8934,
                30.3505
              ],
              [
                9.8733,
                30.3733
              ],
              [
                9.8662,
                30.3849
              ],
              [
                9.8662,
                30.3955
              ],
              [
                9.8733,
                30.4029
              ],
              [
                9.8784,
                30.4191
              ],
              [
                9.8839,
                30.4232
              ],
              [
                9.9095,
                30.4145
              ],
              [
                9.9218,
                30.416
              ],
              [
                9.9553,
                30.4069
              ],
              [
                9.9778,
                30.393
              ],
              [
                9.9878,
                30.3829
              ],
              [
                10.0022,
                30.343
              ],
              [
                9.9877,
                30.3445
              ],
              [
                9.9722,
                30.3293
              ],
              [
                9.9776,
                30.3209
              ],
              [
                10.0046,
                30.3148
              ],
              [
                10.0113,
                30.3068
              ],
              [
                10.0286,
                30.3076
              ],
              [
                10.0286,
                30.288
              ],
              [
                10.0501,
                30.2855
              ],
              [
                10.0547,
                30.2792
              ],
              [
                10.0726,
                30.2766
              ],
              [
                10.0779,
                30.252
              ],
              [
                10.1246,
                30.1856
              ],
              [
                10.1268,
                30.1721
              ],
              [
                10.1526,
                30.1592
              ],
              [
                10.1745,
                30.1413
              ],
              [
                10.1939,
                30.1105
              ],
              [
                10.2193,
                30.0997
              ],
              [
                10.2372,
                30.0958
              ],
              [
                10.2441,
                30.0811
              ],
              [
                10.2708,
                30.053
              ],
              [
                10.2806,
                30.0596
              ],
              [
                10.276,
                30.0768
              ],
              [
                10.2612,
                30.0951
              ],
              [
                10.1337,
                30.223
              ],
              [
                10.1342,
                30.233
              ],
              [
                10.1562,
                30.238
              ],
              [
                10.146,
                30.2703
              ],
              [
                10.1332,
                30.278
              ],
              [
                10.1033,
                30.2856
              ],
              [
                10.0945,
                30.2823
              ],
              [
                10.0537,
                30.2979
              ],
              [
                10.0408,
                30.3204
              ],
              [
                10.0219,
                30.3397
              ],
              [
                10.0291,
                30.3532
              ],
              [
                10.0128,
                30.3706
              ],
              [
                10.0142,
                30.3798
              ],
              [
                10.001,
                30.4062
              ],
              [
                9.9795,
                30.4143
              ],
              [
                9.9723,
                30.4312
              ],
              [
                9.9612,
                30.4401
              ],
              [
                9.9632,
                30.4478
              ],
              [
                9.9553,
                30.4567
              ],
              [
                9.9449,
                30.4772
              ],
              [
                9.9502,
                30.4904
              ],
              [
                9.9596,
                30.5019
              ],
              [
                9.9684,
                30.4877
              ],
              [
                9.9768,
                30.4966
              ],
              [
                9.9636,
                30.52
              ],
              [
                9.9648,
                30.539
              ],
              [
                9.9706,
                30.5634
              ],
              [
                9.9902,
                30.5872
              ],
              [
                9.9785,
                30.6017
              ],
              [
                9.9471,
                30.6039
              ],
              [
                9.9273,
                30.6177
              ],
              [
                9.9167,
                30.6302
              ],
              [
                9.9188,
                30.6412
              ],
              [
                9.9073,
                30.6491
              ],
              [
                9.9047,
                30.6599
              ],
              [
                9.9269,
                30.6599
              ],
              [
                9.9337,
                30.6672
              ],
              [
                9.9522,
                30.6697
              ],
              [
                9.9571,
                30.6747
              ],
              [
                9.9483,
                30.7031
              ],
              [
                9.9175,
                30.7343
              ],
              [
                9.9045,
                30.7435
              ],
              [
                9.897,
                30.7434
              ],
              [
                9.8839,
                30.7537
              ],
              [
                9.8837,
                30.7772
              ],
              [
                9.9005,
                30.7913
              ],
              [
                9.9098,
                30.7953
              ],
              [
                9.9332,
                30.7853
              ],
              [
                9.9462,
                30.7859
              ],
              [
                9.9627,
                30.7948
              ],
              [
                9.9686,
                30.788
              ],
              [
                9.9905,
                30.7896
              ],
              [
                9.9931,
                30.8012
              ],
              [
                10.0044,
                30.8054
              ],
              [
                10.0221,
                30.7977
              ],
              [
                10.0284,
                30.8005
              ],
              [
                10.0792,
                30.8087
              ],
              [
                10.095,
                30.8213
              ],
              [
                10.1442,
                30.8278
              ],
              [
                10.1787,
                30.838
              ],
              [
                10.1869,
                30.8452
              ],
              [
                10.2126,
                30.8892
              ],
              [
                10.2185,
                30.9025
              ],
              [
                10.2151,
                30.9302
              ],
              [
                10.189,
                30.9152
              ],
              [
                10.1766,
                30.8957
              ],
              [
                10.167,
                30.892
              ],
              [
                10.14,
                30.868
              ],
              [
                10.1194,
                30.8699
              ],
              [
                10.11,
                30.8661
              ],
              [
                10.0949,
                30.8729
              ],
              [
                10.0741,
                30.877
              ],
              [
                10.0558,
                30.9031
              ],
              [
                10.0195,
                30.9202
              ],
              [
                10.0005,
                30.924
              ],
              [
                9.9732,
                30.9331
              ],
              [
                9.9651,
                30.9521
              ],
              [
                9.9608,
                30.9717
              ],
              [
                9.9641,
                30.9829
              ],
              [
                9.9725,
                30.9909
              ],
              [
                9.9889,
                30.9955
              ],
              [
                10.0122,
                30.9964
              ],
              [
                10.0621,
                31.0121
              ],
              [
                10.1033,
                31.0295
              ],
              [
                10.1297,
                31.0498
              ],
              [
                10.1136,
                31.0528
              ],
              [
                10.1152,
                31.0638
              ],
              [
                10.0805,
                31.072
              ],
              [
                10.0506,
                31.0816
              ],
              [
                10.0192,
                31.072
              ],
              [
                9.9854,
                31.0507
              ],
              [
                9.973,
                31.051
              ],
              [
                9.9586,
                31.0644
              ],
              [
                9.9611,
                31.0754
              ],
              [
                9.9819,
                31.1155
              ],
              [
                9.9922,
                31.1189
              ],
              [
                10.0463,
                31.1095
              ],
              [
                10.0619,
                31.1104
              ],
              [
                10.0742,
                31.1325
              ],
              [
                10.0733,
                31.1394
              ],
              [
                10.047,
                31.1471
              ],
              [
                10.0424,
                31.1655
              ],
              [
                10.0182,
                31.1746
              ],
              [
                10.012,
                31.1815
              ],
              [
                10.0123,
                31.1952
              ],
              [
                10.0322,
                31.2009
              ],
              [
                10.0294,
                31.2064
              ],
              [
                9.9925,
                31.2071
              ],
              [
                9.9911,
                31.2169
              ],
              [
                9.9598,
                31.2103
              ],
              [
                9.9445,
                31.2213
              ],
              [
                9.914,
                31.2286
              ],
              [
                9.8776,
                31.2322
              ],
              [
                9.8341,
                31.2402
              ],
              [
                9.824,
                31.2507
              ],
              [
                9.8388,
                31.2592
              ],
              [
                9.8336,
                31.2659
              ],
              [
                9.8199,
                31.2662
              ],
              [
                9.776,
                31.2904
              ],
              [
                9.7411,
                31.3001
              ],
              [
                9.7164,
                31.3413
              ],
              [
                9.6869,
                31.3561
              ],
              [
                9.6528,
                31.3649
              ],
              [
                9.6386,
                31.3708
              ],
              [
                9.63,
                31.38
              ],
              [
                9.6231,
                31.3949
              ],
              [
                9.628,
                31.4056
              ],
              [
                9.6386,
                31.4054
              ],
              [
                9.6558,
                31.3988
              ],
              [
                9.6572,
                31.4067
              ],
              [
                9.6429,
                31.419
              ],
              [
                9.6443,
                31.4456
              ],
              [
                9.6367,
                31.4509
              ],
              [
                9.6415,
                31.4634
              ],
              [
                9.6041,
                31.4878
              ],
              [
                9.5909,
                31.5121
              ],
              [
                9.5943,
                31.5228
              ],
              [
                9.6238,
                31.5249
              ],
              [
                9.6192,
                31.5354
              ],
              [
                9.5899,
                31.5379
              ],
              [
                9.5643,
                31.558
              ],
              [
                9.5627,
                31.5717
              ],
              [
                9.5675,
                31.6125
              ],
              [
                9.5652,
                31.6399
              ],
              [
                9.5613,
                31.6592
              ],
              [
                9.5396,
                31.6914
              ],
              [
                9.5324,
                31.709
              ],
              [
                9.5276,
                31.7319
              ],
              [
                9.526,
                31.7553
              ],
              [
                9.5421,
                31.7723
              ],
              [
                9.5385,
                31.7959
              ],
              [
                9.525,
                31.8093
              ],
              [
                9.5057,
                31.8345
              ],
              [
                9.4925,
                31.8363
              ],
              [
                9.4956,
                31.8472
              ],
              [
                9.5154,
                31.8625
              ],
              [
                9.5208,
                31.8803
              ],
              [
                9.5001,
                31.9114
              ],
              [
                9.4895,
                31.9335
              ],
              [
                9.4755,
                31.9483
              ],
              [
                9.4877,
                31.9578
              ],
              [
                9.4809,
                31.973
              ],
              [
                9.4453,
                31.9989
              ],
              [
                9.429,
                32.0194
              ],
              [
                9.4506,
                32.0242
              ],
              [
                9.4704,
                32.0223
              ],
              [
                9.4846,
                32.0362
              ],
              [
                9.4714,
                32.0687
              ],
              [
                9.4764,
                32.0821
              ],
              [
                9.4932,
                32.0947
              ],
              [
                9.4975,
                32.108
              ],
              [
                9.4985,
                32.1441
              ],
              [
                9.5094,
                32.1653
              ],
              [
                9.5239,
                32.1796
              ],
              [
                9.5447,
                32.2059
              ],
              [
                9.5413,
                32.2164
              ],
              [
                9.5209,
                32.2257
              ],
              [
                9.4644,
                32.2395
              ],
              [
                9.4459,
                32.2463
              ],
              [
                9.44,
                32.257
              ],
              [
                9.4407,
                32.2907
              ],
              [
                9.432,
                32.3016
              ],
              [
                9.4256,
                32.3167
              ],
              [
                9.399,
                32.3264
              ],
              [
                9.3849,
                32.3266
              ],
              [
                9.3585,
                32.318
              ],
              [
                9.3526,
                32.2974
              ],
              [
                9.3643,
                32.2786
              ],
              [
                9.3569,
                32.2746
              ],
              [
                9.3387,
                32.278
              ],
              [
                9.309,
                32.2876
              ],
              [
                9.2977,
                32.298
              ],
              [
                9.2308,
                32.3373
              ],
              [
                9.2124,
                32.3454
              ],
              [
                9.2033,
                32.3589
              ],
              [
                9.2075,
                32.3757
              ],
              [
                9.2248,
                32.3884
              ],
              [
                9.223,
                32.4269
              ],
              [
                9.2276,
                32.4329
              ],
              [
                9.2514,
                32.4339
              ],
              [
                9.2668,
                32.4255
              ],
              [
                9.2839,
                32.4286
              ],
              [
                9.3029,
                32.4237
              ],
              [
                9.3053,
                32.4417
              ],
              [
                9.3277,
                32.4493
              ],
              [
                9.3482,
                32.4444
              ],
              [
                9.3708,
                32.4557
              ],
              [
                9.3844,
                32.4598
              ],
              [
                9.4076,
                32.4572
              ],
              [
                9.4326,
                32.4357
              ],
              [
                9.4544,
                32.392
              ],
              [
                9.4628,
                32.3523
              ],
              [
                9.4549,
                32.3325
              ],
              [
                9.4584,
                32.3253
              ],
              [
                9.4946,
                32.3185
              ],
              [
                9.5153,
                32.321
              ],
              [
                9.5205,
                32.3266
              ],
              [
                9.5197,
                32.3398
              ],
              [
                9.5109,
                32.3779
              ],
              [
                9.5042,
                32.3975
              ],
              [
                9.496,
                32.4485
              ],
              [
                9.4913,
                32.4855
              ],
              [
                9.4852,
                32.5205
              ],
              [
                9.4901,
                32.5399
              ],
              [
                9.4968,
                32.5464
              ],
              [
                9.5102,
                32.5448
              ],
              [
                9.5158,
                32.5502
              ],
              [
                9.4944,
                32.5653
              ],
              [
                9.4867,
                32.5743
              ],
              [
                9.4728,
                32.6013
              ],
              [
                9.4736,
                32.6276
              ],
              [
                9.48,
                32.6547
              ],
              [
                9.5011,
                32.6873
              ],
              [
                9.5145,
                32.6972
              ],
              [
                9.5331,
                32.719
              ],
              [
                9.5467,
                32.7308
              ],
              [
                9.5492,
                32.7473
              ],
              [
                9.5677,
                32.7706
              ],
              [
                9.5667,
                32.7855
              ],
              [
                9.5795,
                32.8074
              ],
              [
                9.5797,
                32.8359
              ],
              [
                9.5696,
                32.8685
              ],
              [
                9.5772,
                32.8734
              ],
              [
                9.5983,
                32.8624
              ],
              [
                9.6171,
                32.8676
              ],
              [
                9.6115,
                32.889
              ],
              [
                9.6175,
                32.8962
              ],
              [
                9.6103,
                32.9145
              ],
              [
                9.601,
                32.9237
              ],
              [
                9.6063,
                32.9401
              ],
              [
                9.6127,
                32.9476
              ],
              [
                9.6316,
                32.9595
              ],
              [
                9.644,
                32.9836
              ],
              [
                9.6551,
                32.9883
              ],
              [
                9.6595,
                33.0054
              ],
              [
                9.6901,
                33.0318
              ],
              [
                9.7057,
                33.0317
              ],
              [
                9.7023,
                33.0422
              ],
              [
                9.7155,
                33.0519
              ],
              [
                9.7336,
                33.0512
              ],
              [
                9.7383,
                33.0604
              ],
              [
                9.7219,
                33.0708
              ],
              [
                9.7188,
                33.0835
              ],
              [
                9.7285,
                33.0933
              ],
              [
                9.7337,
                33.121
              ],
              [
                9.7499,
                33.1305
              ],
              [
                9.7539,
                33.1463
              ],
              [
                9.7478,
                33.1628
              ],
              [
                9.7344,
                33.1755
              ],
              [
                9.7387,
                33.1912
              ],
              [
                9.7368,
                33.2061
              ],
              [
                9.7222,
                33.2143
              ],
              [
                9.7121,
                33.2311
              ],
              [
                9.7093,
                33.2476
              ],
              [
                9.7143,
                33.2694
              ],
              [
                9.7114,
                33.3048
              ],
              [
                9.6819,
                33.3231
              ],
              [
                9.6693,
                33.3427
              ],
              [
                9.6494,
                33.3679
              ],
              [
                9.6388,
                33.3859
              ],
              [
                9.6329,
                33.4089
              ],
              [
                9.6249,
                33.421
              ],
              [
                9.6144,
                33.427
              ],
              [
                9.5804,
                33.4403
              ],
              [
                9.5574,
                33.4734
              ],
              [
                9.5492,
                33.4794
              ],
              [
                9.5471,
                33.4977
              ],
              [
                9.5155,
                33.4949
              ],
              [
                9.5013,
                33.509
              ],
              [
                9.4934,
                33.5123
              ],
              [
                9.4757,
                33.5042
              ],
              [
                9.4464,
                33.4857
              ],
              [
                9.4076,
                33.4907
              ],
              [
                9.3811,
                33.4904
              ],
              [
                9.3612,
                33.4812
              ],
              [
                9.3471,
                33.4687
              ],
              [
                9.332,
                33.4611
              ],
              [
                9.2998,
                33.4509
              ],
              [
                9.2735,
                33.4369
              ],
              [
                9.2531,
                33.4333
              ],
              [
                9.2378,
                33.4367
              ],
              [
                9.2266,
                33.4442
              ],
              [
                9.2235,
                33.4637
              ],
              [
                9.2273,
                33.4794
              ],
              [
                9.1951,
                33.4916
              ],
              [
                9.1738,
                33.5113
              ],
              [
                9.1793,
                33.5225
              ],
              [
                9.1978,
                33.5325
              ],
              [
                9.1954,
                33.5468
              ],
              [
                9.1547,
                33.564
              ],
              [
                9.1703,
                33.5907
              ],
              [
                9.1528,
                33.6082
              ],
              [
                9.1415,
                33.6106
              ],
              [
                9.1226,
                33.5966
              ],
              [
                9.0939,
                33.6063
              ],
              [
                9.0921,
                33.5953
              ],
              [
                9.0984,
                33.5823
              ],
              [
                9.113,
                33.5771
              ],
              [
                9.0919,
                33.561
              ],
              [
                9.0597,
                33.5613
              ],
              [
                9.0308,
                33.5398
              ],
              [
                9.0054,
                33.5279
              ],
              [
                8.9923,
                33.5255
              ],
              [
                8.9813,
                33.5319
              ],
              [
                8.9567,
                33.5293
              ],
              [
                8.9689,
                33.5196
              ],
              [
                8.9931,
                33.5243
              ],
              [
                9.0031,
                33.5118
              ],
              [
                8.9968,
                33.5057
              ],
              [
                8.9994,
                33.4942
              ],
              [
                9.0284,
                33.4962
              ],
              [
                9.0245,
                33.4783
              ],
              [
                9.0474,
                33.4652
              ],
              [
                9.0525,
                33.4592
              ],
              [
                9.0443,
                33.4467
              ],
              [
                9.0438,
                33.4341
              ],
              [
                9.0183,
                33.4273
              ],
              [
                8.9985,
                33.4317
              ],
              [
                8.963,
                33.4277
              ],
              [
                8.9406,
                33.4173
              ],
              [
                8.9207,
                33.4112
              ],
              [
                8.9172,
                33.4019
              ],
              [
                8.8977,
                33.4023
              ],
              [
                8.8873,
                33.4063
              ],
              [
                8.8621,
                33.4241
              ],
              [
                8.8781,
                33.4231
              ],
              [
                8.913,
                33.431
              ],
              [
                8.9003,
                33.4473
              ],
              [
                8.8819,
                33.4595
              ],
              [
                8.8917,
                33.4651
              ],
              [
                8.9007,
                33.4589
              ],
              [
                8.9197,
                33.4652
              ],
              [
                8.9108,
                33.4733
              ],
              [
                8.909,
                33.4839
              ],
              [
                8.9195,
                33.4949
              ],
              [
                8.8968,
                33.5022
              ],
              [
                8.8898,
                33.5346
              ],
              [
                8.8699,
                33.5431
              ],
              [
                8.8662,
                33.5329
              ],
              [
                8.8339,
                33.5485
              ],
              [
                8.8457,
                33.5274
              ],
              [
                8.8208,
                33.5209
              ],
              [
                8.7973,
                33.5073
              ],
              [
                8.8071,
                33.4961
              ],
              [
                8.8068,
                33.4814
              ],
              [
                8.7794,
                33.4749
              ],
              [
                8.774,
                33.4785
              ],
              [
                8.7501,
                33.4682
              ],
              [
                8.7336,
                33.4731
              ],
              [
                8.751,
                33.4897
              ],
              [
                8.754,
                33.5005
              ],
              [
                8.7703,
                33.5057
              ],
              [
                8.7687,
                33.513
              ],
              [
                8.7496,
                33.5125
              ],
              [
                8.7393,
                33.5203
              ],
              [
                8.7245,
                33.5118
              ],
              [
                8.7161,
                33.4993
              ],
              [
                8.7043,
                33.512
              ],
              [
                8.6964,
                33.5037
              ],
              [
                8.6844,
                33.5029
              ],
              [
                8.6641,
                33.4843
              ],
              [
                8.6512,
                33.4836
              ],
              [
                8.6236,
                33.4698
              ],
              [
                8.6215,
                33.4559
              ],
              [
                8.6272,
                33.4528
              ],
              [
                8.6437,
                33.4576
              ],
              [
                8.6373,
                33.442
              ],
              [
                8.643,
                33.4274
              ],
              [
                8.6451,
                33.4111
              ],
              [
                8.6377,
                33.4013
              ],
              [
                8.6207,
                33.3879
              ],
              [
                8.6281,
                33.3794
              ],
              [
                8.6179,
                33.3679
              ],
              [
                8.6111,
                33.3771
              ],
              [
                8.5879,
                33.3797
              ],
              [
                8.594,
                33.388
              ],
              [
                8.5817,
                33.3926
              ],
              [
                8.5506,
                33.3851
              ],
              [
                8.5391,
                33.3882
              ],
              [
                8.5196,
                33.4006
              ],
              [
                8.5357,
                33.4154
              ],
              [
                8.5309,
                33.4251
              ],
              [
                8.4897,
                33.3999
              ],
              [
                8.4737,
                33.4154
              ],
              [
                8.4658,
                33.4135
              ],
              [
                8.4516,
                33.4002
              ],
              [
                8.4431,
                33.3999
              ],
              [
                8.4138,
                33.4108
              ],
              [
                8.4158,
                33.4205
              ],
              [
                8.4025,
                33.4195
              ],
              [
                8.3913,
                33.4074
              ],
              [
                8.3901,
                33.396
              ],
              [
                8.3828,
                33.3936
              ],
              [
                8.368,
                33.3638
              ],
              [
                8.3601,
                33.3711
              ],
              [
                8.3701,
                33.3771
              ],
              [
                8.3798,
                33.3986
              ],
              [
                8.3894,
                33.4085
              ],
              [
                8.3816,
                33.4235
              ],
              [
                8.3589,
                33.4245
              ],
              [
                8.3429,
                33.4214
              ],
              [
                8.3419,
                33.4347
              ],
              [
                8.3252,
                33.4114
              ],
              [
                8.3179,
                33.4121
              ],
              [
                8.318,
                33.4291
              ],
              [
                8.3026,
                33.4084
              ],
              [
                8.2883,
                33.4127
              ],
              [
                8.2959,
                33.4221
              ],
              [
                8.2708,
                33.4231
              ],
              [
                8.2593,
                33.4296
              ],
              [
                8.2373,
                33.4331
              ],
              [
                8.2469,
                33.452
              ],
              [
                8.2429,
                33.4601
              ],
              [
                8.2306,
                33.4597
              ],
              [
                8.2099,
                33.4678
              ],
              [
                8.213,
                33.4748
              ],
              [
                8.1793,
                33.4787
              ],
              [
                8.175,
                33.493
              ],
              [
                8.193,
                33.5028
              ],
              [
                8.1895,
                33.5143
              ],
              [
                8.1706,
                33.5036
              ],
              [
                8.1641,
                33.5192
              ],
              [
                8.1503,
                33.5281
              ],
              [
                8.1632,
                33.5326
              ],
              [
                8.1563,
                33.5562
              ],
              [
                8.1464,
                33.5638
              ],
              [
                8.1223,
                33.555
              ],
              [
                8.1002,
                33.5418
              ],
              [
                8.086,
                33.5388
              ],
              [
                8.0779,
                33.553
              ],
              [
                8.0616,
                33.5581
              ],
              [
                8.0266,
                33.5505
              ],
              [
                8.0099,
                33.5145
              ],
              [
                7.9848,
                33.5073
              ],
              [
                8.01,
                33.5363
              ],
              [
                7.9915,
                33.5314
              ],
              [
                7.9881,
                33.5451
              ],
              [
                8.0255,
                33.5704
              ],
              [
                8.0571,
                33.5826
              ],
              [
                8.077,
                33.5959
              ],
              [
                8.0758,
                33.6077
              ],
              [
                8.0609,
                33.6129
              ],
              [
                8.0327,
                33.609
              ],
              [
                8.0219,
                33.617
              ],
              [
                8.0258,
                33.6351
              ],
              [
                8.002,
                33.6323
              ],
              [
                7.9781,
                33.6259
              ],
              [
                7.9738,
                33.6423
              ],
              [
                7.9497,
                33.642
              ],
              [
                7.9126,
                33.6303
              ],
              [
                7.8925,
                33.6205
              ],
              [
                7.8731,
                33.6167
              ],
              [
                7.8681,
                33.6394
              ],
              [
                7.8436,
                33.6285
              ],
              [
                7.8252,
                33.624
              ],
              [
                7.8199,
                33.6106
              ],
              [
                7.7953,
                33.6385
              ],
              [
                7.7679,
                33.6368
              ],
              [
                7.7586,
                33.6496
              ],
              [
                7.7658,
                33.6745
              ],
              [
                7.743,
                33.6811
              ],
              [
                7.7359,
                33.6866
              ],
              [
                7.7299,
                33.7075
              ],
              [
                7.7364,
                33.7164
              ],
              [
                7.7342,
                33.7364
              ],
              [
                7.728,
                33.7489
              ],
              [
                7.7203,
                33.7821
              ],
              [
                7.7229,
                33.8014
              ],
              [
                7.7194,
                33.8185
              ],
              [
                7.7101,
                33.8294
              ],
              [
                7.7121,
                33.8378
              ],
              [
                7.7292,
                33.844
              ],
              [
                7.7447,
                33.8533
              ],
              [
                7.765,
                33.8566
              ],
              [
                7.8037,
                33.8732
              ],
              [
                7.843,
                33.8712
              ],
              [
                7.8552,
                33.8757
              ],
              [
                7.8621,
                33.8866
              ],
              [
                7.8791,
                33.8866
              ],
              [
                7.8915,
                33.8825
              ],
              [
                7.9038,
                33.8714
              ],
              [
                7.9529,
                33.8802
              ],
              [
                8.01,
                33.8771
              ],
              [
                8.0896,
                33.8911
              ]
            ],
            [
              [
                9.1479,
                31.5868
              ],
              [
                9.1354,
                31.5868
              ],
              [
                9.1291,
                31.5743
              ],
              [
                9.1125,
                31.5775
              ],
              [
                9.1112,
                31.586
              ],
              [
                9.1319,
                31.5919
              ],
              [
                9.1389,
                31.6019
              ],
              [
                9.1523,
                31.6043
              ],
              [
                9.1684,
                31.5985
              ],
              [
                9.1678,
                31.5867
              ],
              [
                9.1479,
                31.5868
              ]
            ],
            [
              [
                7.5285,
                33.7265
              ],
              [
                7.5329,
                33.7125
              ],
              [
                7.542,
                33.7047
              ],
              [
                7.5512,
                33.6892
              ],
              [
                7.5445,
                33.6784
              ],
              [
                7.544,
                33.6669
              ],
              [
                7.5532,
                33.6652
              ],
              [
                7.5534,
                33.6513
              ],
              [
                7.5348,
                33.6531
              ],
              [
                7.5324,
                33.6838
              ],
              [
                7.5356,
                33.694
              ],
              [
                7.5291,
                33.707
              ],
              [
                7.5214,
                33.7029
              ],
              [
                7.504,
                33.7208
              ],
              [
                7.496,
                33.7214
              ],
              [
                7.5045,
                33.7389
              ],
              [
                7.5305,
                33.7357
              ],
              [
                7.5285,
                33.7265
              ]
            ]
          ],
          [
            [
              [
                6.3076,
                28.6748
              ],
              [
                6.3089,
                28.6819
              ],
              [
                6.3302,
                28.7087
              ],
              [
                6.3583,
                28.7592
              ],
              [
                6.3906,
                28.7628
              ],
              [
                6.3879,
                28.7309
              ],
              [
                6.4067,
                28.7538
              ],
              [
                6.4167,
                28.8041
              ],
              [
                6.4284,
                28.8405
              ],
              [
                6.4208,
                28.854
              ],
              [
                6.3855,
                28.7767
              ],
              [
                6.3772,
                28.7875
              ],
              [
                6.3796,
                28.8074
              ],
              [
                6.3889,
                28.8248
              ],
              [
                6.3813,
                28.8522
              ],
              [
                6.3851,
                28.8844
              ],
              [
                6.3834,
                28.9165
              ],
              [
                6.403,
                29.0063
              ],
              [
                6.4002,
                29.0607
              ],
              [
                6.3982,
                29.0805
              ],
              [
                6.3899,
                29.1123
              ],
              [
                6.358,
                29.1699
              ],
              [
                6.3298,
                29.2394
              ],
              [
                6.3161,
                29.2385
              ],
              [
                6.311,
                29.2124
              ],
              [
                6.3243,
                29.1863
              ],
              [
                6.3491,
                29.1513
              ],
              [
                6.37,
                29.0931
              ],
              [
                6.3676,
                29.0565
              ],
              [
                6.3717,
                29.0159
              ],
              [
                6.3631,
                28.9709
              ],
              [
                6.3645,
                28.937
              ],
              [
                6.3559,
                28.8844
              ],
              [
                6.3628,
                28.8648
              ],
              [
                6.3621,
                28.8372
              ],
              [
                6.3425,
                28.8062
              ],
              [
                6.3261,
                28.7659
              ],
              [
                6.3144,
                28.7029
              ],
              [
                6.291,
                28.709
              ],
              [
                6.2965,
                28.7258
              ],
              [
                6.3089,
                28.7484
              ],
              [
                6.3171,
                28.7902
              ],
              [
                6.3223,
                28.802
              ],
              [
                6.3319,
                28.8351
              ],
              [
                6.3412,
                28.8747
              ],
              [
                6.3405,
                28.8904
              ],
              [
                6.3223,
                28.8666
              ],
              [
                6.3154,
                28.8206
              ],
              [
                6.2759,
                28.7917
              ],
              [
                6.277,
                28.8134
              ],
              [
                6.2952,
                28.8396
              ],
              [
                6.3037,
                28.8994
              ],
              [
                6.2972,
                28.9472
              ],
              [
                6.2766,
                28.9568
              ],
              [
                6.2732,
                28.8967
              ],
              [
                6.2632,
                28.8083
              ],
              [
                6.2553,
                28.7734
              ],
              [
                6.2547,
                28.7382
              ],
              [
                6.2433,
                28.6915
              ],
              [
                6.1968,
                28.6505
              ],
              [
                6.1909,
                28.6302
              ],
              [
                6.2068,
                28.6193
              ],
              [
                6.2018,
                28.6126
              ],
              [
                6.2011,
                28.589
              ],
              [
                6.2155,
                28.5896
              ],
              [
                6.2289,
                28.6129
              ],
              [
                6.2366,
                28.6198
              ],
              [
                6.243,
                28.6337
              ],
              [
                6.2711,
                28.6478
              ],
              [
                6.2845,
                28.6712
              ],
              [
                6.2971,
                28.6763
              ],
              [
                6.3076,
                28.6748
              ]
            ]
          ],
          [
            [
              [
                5.6211,
                28.4696
              ],
              [
                5.6226,
                28.5743
              ],
              [
                5.6377,
                28.6373
              ],
              [
                5.6538,
                28.7662
              ],
              [
                5.6154,
                28.7643
              ],
              [
                5.6078,
                28.7282
              ],
              [
                5.5955,
                28.705
              ],
              [
                5.5941,
                28.687
              ],
              [
                5.6003,
                28.6415
              ],
              [
                5.5982,
                28.6279
              ],
              [
                5.6109,
                28.6011
              ],
              [
                5.6144,
                28.5583
              ],
              [
                5.6037,
                28.5589
              ],
              [
                5.5841,
                28.6074
              ],
              [
                5.5708,
                28.5978
              ],
              [
                5.5642,
                28.5999
              ],
              [
                5.5539,
                28.6171
              ],
              [
                5.5642,
                28.6379
              ],
              [
                5.5845,
                28.6713
              ],
              [
                5.5841,
                28.6861
              ],
              [
                5.5515,
                28.6517
              ],
              [
                5.5453,
                28.6578
              ],
              [
                5.544,
                28.7035
              ],
              [
                5.5532,
                28.7433
              ],
              [
                5.567,
                28.8507
              ],
              [
                5.5728,
                29.0087
              ],
              [
                5.5986,
                29.1327
              ],
              [
                5.59,
                29.1968
              ],
              [
                5.5635,
                29.2517
              ],
              [
                5.5738,
                29.2819
              ],
              [
                5.5817,
                29.3364
              ],
              [
                5.5817,
                29.3514
              ],
              [
                5.6068,
                29.4665
              ],
              [
                5.612,
                29.4566
              ],
              [
                5.6075,
                29.372
              ],
              [
                5.6178,
                29.39
              ],
              [
                5.638,
                29.5054
              ],
              [
                5.6593,
                29.5848
              ],
              [
                5.6717,
                29.6669
              ],
              [
                5.6847,
                29.7805
              ],
              [
                5.7029,
                29.8487
              ],
              [
                5.7105,
                29.8168
              ],
              [
                5.6871,
                29.649
              ],
              [
                5.7022,
                29.6573
              ],
              [
                5.7304,
                29.7909
              ],
              [
                5.7685,
                29.9222
              ],
              [
                5.7774,
                29.9041
              ],
              [
                5.763,
                29.8082
              ],
              [
                5.751,
                29.7033
              ],
              [
                5.7404,
                29.6567
              ],
              [
                5.7108,
                29.6379
              ],
              [
                5.7077,
                29.5352
              ],
              [
                5.7084,
                29.4907
              ],
              [
                5.6968,
                29.4193
              ],
              [
                5.6919,
                29.381
              ],
              [
                5.6597,
                29.2211
              ],
              [
                5.659,
                29.1821
              ],
              [
                5.6621,
                29.1579
              ],
              [
                5.6844,
                29.1249
              ],
              [
                5.6944,
                29.0454
              ],
              [
                5.7081,
                28.9958
              ],
              [
                5.704,
                28.9709
              ],
              [
                5.6923,
                28.8687
              ],
              [
                5.7005,
                28.7388
              ],
              [
                5.7143,
                28.6665
              ],
              [
                5.6854,
                28.552
              ],
              [
                5.6799,
                28.5037
              ],
              [
                5.6992,
                28.482
              ],
              [
                5.7362,
                28.5206
              ],
              [
                5.798,
                28.7713
              ],
              [
                5.7527,
                28.7737
              ],
              [
                5.7719,
                28.8928
              ],
              [
                5.7596,
                28.9709
              ],
              [
                5.7445,
                29.1162
              ],
              [
                5.8063,
                29.1737
              ],
              [
                5.8173,
                28.9721
              ],
              [
                5.8749,
                28.8471
              ],
              [
                5.9065,
                28.7869
              ],
              [
                5.9079,
                28.7099
              ],
              [
                5.8955,
                28.5845
              ],
              [
                5.9072,
                28.5133
              ],
              [
                5.923,
                28.4937
              ],
              [
                5.9296,
                28.4925
              ],
              [
                5.9459,
                28.477
              ],
              [
                5.9582,
                28.4598
              ],
              [
                5.9742,
                28.4516
              ],
              [
                6.0275,
                28.419
              ],
              [
                6.0512,
                28.4144
              ],
              [
                6.0478,
                28.4687
              ],
              [
                6.055,
                28.4859
              ],
              [
                6.071,
                28.4844
              ],
              [
                6.084,
                28.4782
              ],
              [
                6.0919,
                28.4838
              ],
              [
                6.076,
                28.4931
              ],
              [
                6.0682,
                28.523
              ],
              [
                6.0686,
                28.5397
              ],
              [
                6.0722,
                28.5479
              ],
              [
                6.0857,
                28.6246
              ],
              [
                6.0856,
                28.6611
              ],
              [
                6.0832,
                28.6724
              ],
              [
                6.0715,
                28.6733
              ],
              [
                6.048,
                28.6406
              ],
              [
                6.039,
                28.6104
              ],
              [
                6.004,
                28.5809
              ],
              [
                5.9621,
                28.567
              ],
              [
                5.9553,
                28.5948
              ],
              [
                5.9635,
                28.7671
              ],
              [
                5.9862,
                28.7225
              ],
              [
                5.9772,
                28.7869
              ],
              [
                5.9992,
                28.8272
              ],
              [
                5.9924,
                28.9409
              ],
              [
                5.993,
                29.1528
              ],
              [
                5.9793,
                29.2756
              ],
              [
                5.9697,
                29.3295
              ],
              [
                5.9663,
                29.4055
              ],
              [
                5.9724,
                29.4868
              ],
              [
                5.9821,
                29.4922
              ],
              [
                5.9862,
                29.4414
              ],
              [
                5.9944,
                29.4474
              ],
              [
                6.0033,
                29.5448
              ],
              [
                6.0239,
                29.7578
              ],
              [
                6.0459,
                29.9585
              ],
              [
                6.0562,
                29.9555
              ],
              [
                6.0377,
                29.7328
              ],
              [
                6.0315,
                29.5669
              ],
              [
                6.0102,
                29.3618
              ],
              [
                5.9978,
                29.3026
              ],
              [
                6.0136,
                29.2367
              ],
              [
                6.0336,
                29.2271
              ],
              [
                6.0281,
                29.2463
              ],
              [
                6.0219,
                29.2894
              ],
              [
                6.0239,
                29.3319
              ],
              [
                6.0315,
                29.3858
              ],
              [
                6.0418,
                29.5293
              ],
              [
                6.0734,
                29.5741
              ],
              [
                6.0665,
                29.5932
              ],
              [
                6.059,
                29.6433
              ],
              [
                6.0535,
                29.7334
              ],
              [
                6.0658,
                29.8549
              ],
              [
                6.0892,
                30.0334
              ],
              [
                6.0912,
                30.1
              ],
              [
                6.0967,
                30.1481
              ],
              [
                6.0905,
                30.195
              ],
              [
                6.0837,
                30.2377
              ],
              [
                6.0905,
                30.2597
              ],
              [
                6.105,
                30.2445
              ],
              [
                6.0995,
                30.2125
              ],
              [
                6.1156,
                30.1321
              ],
              [
                6.1156,
                30.0462
              ],
              [
                6.1115,
                29.9047
              ],
              [
                6.0947,
                29.8871
              ],
              [
                6.0971,
                29.8365
              ],
              [
                6.0967,
                29.7376
              ],
              [
                6.107,
                29.6827
              ],
              [
                6.1063,
                29.6096
              ],
              [
                6.1012,
                29.5752
              ],
              [
                6.1019,
                29.5427
              ],
              [
                6.1345,
                29.4441
              ],
              [
                6.1657,
                29.4031
              ],
              [
                6.1929,
                29.3651
              ],
              [
                6.2021,
                29.3472
              ],
              [
                6.1894,
                29.2753
              ],
              [
                6.1695,
                29.2627
              ],
              [
                6.1705,
                29.2241
              ],
              [
                6.1788,
                29.2166
              ],
              [
                6.1798,
                29.2568
              ],
              [
                6.1949,
                29.2559
              ],
              [
                6.1963,
                29.2397
              ],
              [
                6.1874,
                29.2193
              ],
              [
                6.1822,
                29.169
              ],
              [
                6.2018,
                29.1501
              ],
              [
                6.2028,
                29.1138
              ],
              [
                6.2217,
                29.0673
              ],
              [
                6.2265,
                29.0063
              ],
              [
                6.22,
                28.9682
              ],
              [
                6.1125,
                28.8916
              ],
              [
                6.1008,
                28.7797
              ],
              [
                6.1125,
                28.7261
              ],
              [
                6.1173,
                28.6846
              ],
              [
                6.1276,
                28.6782
              ],
              [
                6.118,
                28.7502
              ],
              [
                6.1132,
                28.7722
              ],
              [
                6.1283,
                28.8122
              ],
              [
                6.1541,
                28.869
              ],
              [
                6.1578,
                28.9012
              ],
              [
                6.1582,
                28.919
              ],
              [
                6.1684,
                28.927
              ],
              [
                6.1811,
                28.9275
              ],
              [
                6.179,
                28.9056
              ],
              [
                6.1905,
                28.8645
              ],
              [
                6.1753,
                28.8687
              ],
              [
                6.1534,
                28.8378
              ],
              [
                6.1537,
                28.8092
              ],
              [
                6.163,
                28.7758
              ],
              [
                6.1537,
                28.724
              ],
              [
                6.1451,
                28.6915
              ],
              [
                6.1362,
                28.6758
              ],
              [
                6.1245,
                28.6207
              ],
              [
                6.1223,
                28.5946
              ],
              [
                6.1242,
                28.5855
              ],
              [
                6.1721,
                28.6108
              ],
              [
                6.1867,
                28.6701
              ],
              [
                6.2018,
                28.7388
              ],
              [
                6.254,
                28.8796
              ],
              [
                6.2498,
                28.9541
              ],
              [
                6.2471,
                29.049
              ],
              [
                6.2169,
                29.2421
              ],
              [
                6.232,
                29.3199
              ],
              [
                6.2622,
                29.5185
              ],
              [
                6.2567,
                29.6141
              ],
              [
                6.2416,
                29.7584
              ],
              [
                6.2746,
                29.8442
              ],
              [
                6.313,
                29.8835
              ],
              [
                6.3199,
                29.9728
              ],
              [
                6.3103,
                30.0192
              ],
              [
                6.2952,
                30.1142
              ],
              [
                6.2965,
                30.2923
              ],
              [
                6.3,
                30.4398
              ],
              [
                6.3151,
                30.4854
              ],
              [
                6.3206,
                30.5215
              ],
              [
                6.2842,
                30.567
              ],
              [
                6.2622,
                30.5623
              ],
              [
                6.2622,
                30.551
              ],
              [
                6.2739,
                30.5144
              ],
              [
                6.2437,
                30.5008
              ],
              [
                6.2217,
                30.5274
              ],
              [
                6.1874,
                30.6025
              ],
              [
                6.1441,
                30.6468
              ],
              [
                6.0562,
                30.6958
              ],
              [
                6.0459,
                30.7283
              ],
              [
                6.0809,
                30.7407
              ],
              [
                6.1283,
                30.7159
              ],
              [
                6.2643,
                30.6214
              ],
              [
                6.2938,
                30.6367
              ],
              [
                6.2292,
                30.6751
              ],
              [
                6.1613,
                30.7212
              ],
              [
                6.1626,
                30.7589
              ],
              [
                6.1077,
                30.7973
              ],
              [
                6.048,
                30.8845
              ],
              [
                6.0713,
                30.9134
              ],
              [
                6.105,
                30.8975
              ],
              [
                6.1407,
                30.8728
              ],
              [
                6.175,
                30.8309
              ],
              [
                6.2615,
                30.7129
              ],
              [
                6.291,
                30.7218
              ],
              [
                6.1922,
                30.8899
              ],
              [
                6.2059,
                30.9305
              ],
              [
                6.2423,
                30.9217
              ],
              [
                6.268,
                30.8748
              ],
              [
                6.2804,
                30.8707
              ],
              [
                6.2914,
                30.8872
              ],
              [
                6.3154,
                30.8663
              ],
              [
                6.3758,
                30.7705
              ],
              [
                6.3803,
                30.7501
              ],
              [
                6.4208,
                30.7439
              ],
              [
                6.4273,
                30.7784
              ],
              [
                6.4243,
                30.8112
              ],
              [
                6.369,
                30.8533
              ],
              [
                6.3522,
                30.8748
              ],
              [
                6.2993,
                30.9202
              ],
              [
                6.3075,
                30.9452
              ],
              [
                6.3401,
                30.939
              ],
              [
                6.4184,
                30.8963
              ],
              [
                6.4586,
                30.856
              ],
              [
                6.437,
                30.8887
              ],
              [
                6.4023,
                30.9532
              ],
              [
                6.4102,
                30.99
              ],
              [
                6.3686,
                31.0312
              ],
              [
                6.3583,
                31.1041
              ],
              [
                6.3501,
                31.0988
              ],
              [
                6.3048,
                31.1094
              ],
              [
                6.2917,
                31.0982
              ],
              [
                6.2917,
                31.0765
              ],
              [
                6.3082,
                31.0276
              ],
              [
                6.2814,
                31.007
              ],
              [
                6.2553,
                31.0165
              ],
              [
                6.2547,
                31.0353
              ],
              [
                6.2258,
                31.0612
              ],
              [
                6.2272,
                31.0782
              ],
              [
                6.2498,
                31.1006
              ],
              [
                6.2567,
                31.0923
              ],
              [
                6.2547,
                31.0653
              ],
              [
                6.2677,
                31.0676
              ],
              [
                6.2711,
                31.0888
              ],
              [
                6.2835,
                31.1294
              ],
              [
                6.2924,
                31.14
              ],
              [
                6.2746,
                31.1776
              ],
              [
                6.2334,
                31.2175
              ],
              [
                6.2059,
                31.1711
              ],
              [
                6.1908,
                31.1975
              ],
              [
                6.1874,
                31.2257
              ],
              [
                6.1771,
                31.2891
              ],
              [
                6.107,
                31.3278
              ],
              [
                6.1462,
                31.3419
              ],
              [
                6.1832,
                31.3179
              ],
              [
                6.1983,
                31.2979
              ],
              [
                6.2656,
                31.2357
              ],
              [
                6.2924,
                31.2334
              ],
              [
                6.2766,
                31.2615
              ],
              [
                6.2533,
                31.3082
              ],
              [
                6.2433,
                31.3349
              ],
              [
                6.221,
                31.3618
              ],
              [
                6.2128,
                31.3797
              ],
              [
                6.1379,
                31.4366
              ],
              [
                6.1108,
                31.4529
              ],
              [
                5.9469,
                31.1402
              ],
              [
                5.8977,
                30.5183
              ],
              [
                5.8055,
                30.3889
              ],
              [
                5.5898,
                30.2832
              ],
              [
                5.4914,
                30.2854
              ],
              [
                5.4106,
                30.3018
              ],
              [
                5.3071,
                30.2069
              ],
              [
                4.9828,
                30.0094
              ],
              [
                4.7911,
                29.8234
              ],
              [
                4.5601,
                29.6744
              ],
              [
                4.3784,
                29.5406
              ],
              [
                4.3469,
                29.4253
              ],
              [
                4.2838,
                29.3461
              ],
              [
                4.2083,
                29.2789
              ],
              [
                4.1451,
                29.1961
              ],
              [
                4.1296,
                29.2045
              ],
              [
                4.1218,
                29.1833
              ],
              [
                4.1097,
                29.1699
              ],
              [
                4.1201,
                29.1624
              ],
              [
                4.112,
                29.1535
              ],
              [
                4.1152,
                29.1477
              ],
              [
                4.109,
                29.1281
              ],
              [
                4.1201,
                29.1165
              ],
              [
                4.1142,
                29.1106
              ],
              [
                4.1277,
                29.1046
              ],
              [
                4.1254,
                29.0916
              ],
              [
                4.1456,
                29.0902
              ],
              [
                4.1511,
                29.0791
              ],
              [
                4.1742,
                29.0761
              ],
              [
                4.1782,
                29.0997
              ],
              [
                4.1616,
                29.1016
              ],
              [
                4.1566,
                29.1216
              ],
              [
                4.1564,
                29.1349
              ],
              [
                4.1623,
                29.163
              ],
              [
                4.1717,
                29.182
              ],
              [
                4.1891,
                29.1961
              ],
              [
                4.1906,
                29.2269
              ],
              [
                4.2012,
                29.2218
              ],
              [
                4.1933,
                29.1932
              ],
              [
                4.1724,
                29.1537
              ],
              [
                4.1748,
                29.1445
              ],
              [
                4.1707,
                29.1096
              ],
              [
                4.1791,
                29.1066
              ],
              [
                4.1923,
                29.1573
              ],
              [
                4.2033,
                29.1794
              ],
              [
                4.2119,
                29.1914
              ],
              [
                4.2218,
                29.1974
              ],
              [
                4.2339,
                29.2286
              ],
              [
                4.2618,
                29.2672
              ],
              [
                4.2601,
                29.2825
              ],
              [
                4.2701,
                29.2997
              ],
              [
                4.2648,
                29.2617
              ],
              [
                4.2483,
                29.2341
              ],
              [
                4.2155,
                29.1678
              ],
              [
                4.1999,
                29.1547
              ],
              [
                4.1942,
                29.1445
              ],
              [
                4.1942,
                29.1202
              ],
              [
                4.1879,
                29.1051
              ],
              [
                4.1868,
                29.0911
              ],
              [
                4.1956,
                29.0863
              ],
              [
                4.1863,
                29.0755
              ],
              [
                4.2085,
                29.0779
              ],
              [
                4.2086,
                29.1025
              ],
              [
                4.2145,
                29.1123
              ],
              [
                4.2605,
                29.173
              ],
              [
                4.2632,
                29.1854
              ],
              [
                4.2605,
                29.1956
              ],
              [
                4.2603,
                29.2238
              ],
              [
                4.2699,
                29.2398
              ],
              [
                4.2752,
                29.2597
              ],
              [
                4.2934,
                29.3057
              ],
              [
                4.3044,
                29.3133
              ],
              [
                4.3013,
                29.2882
              ],
              [
                4.2883,
                29.2479
              ],
              [
                4.2689,
                29.2087
              ],
              [
                4.2701,
                29.1839
              ],
              [
                4.2584,
                29.1366
              ],
              [
                4.2352,
                29.0892
              ],
              [
                4.2442,
                29.0773
              ],
              [
                4.261,
                29.0709
              ],
              [
                4.2708,
                29.0706
              ],
              [
                4.2725,
                29.1015
              ],
              [
                4.286,
                29.0997
              ],
              [
                4.2886,
                29.0854
              ],
              [
                4.3025,
                29.0608
              ],
              [
                4.3852,
                29.0527
              ],
              [
                4.5147,
                29.0024
              ],
              [
                4.6338,
                28.9419
              ],
              [
                4.6863,
                28.903
              ],
              [
                4.7229,
                28.8433
              ],
              [
                4.7898,
                28.8146
              ],
              [
                4.8264,
                28.7715
              ],
              [
                4.9411,
                28.714
              ],
              [
                4.8516,
                28.6608
              ],
              [
                4.7746,
                28.6132
              ],
              [
                4.7217,
                28.5378
              ],
              [
                4.6849,
                28.462
              ],
              [
                4.7052,
                28.4425
              ],
              [
                4.7683,
                28.5035
              ],
              [
                4.7827,
                28.5295
              ],
              [
                4.8127,
                28.5684
              ],
              [
                4.8245,
                28.5868
              ],
              [
                4.8503,
                28.6193
              ],
              [
                4.8784,
                28.6468
              ],
              [
                4.9274,
                28.6832
              ],
              [
                4.9351,
                28.6925
              ],
              [
                4.9493,
                28.702
              ],
              [
                4.961,
                28.7017
              ],
              [
                4.9536,
                28.6686
              ],
              [
                4.9461,
                28.6519
              ],
              [
                4.9183,
                28.6242
              ],
              [
                4.9093,
                28.6112
              ],
              [
                4.8611,
                28.5514
              ],
              [
                4.8479,
                28.5304
              ],
              [
                4.8371,
                28.5259
              ],
              [
                4.812,
                28.506
              ],
              [
                4.7957,
                28.4838
              ],
              [
                4.7854,
                28.4749
              ],
              [
                4.8012,
                28.4696
              ],
              [
                4.8395,
                28.4892
              ],
              [
                4.8651,
                28.5055
              ],
              [
                4.8961,
                28.5331
              ],
              [
                4.9138,
                28.5666
              ],
              [
                4.9232,
                28.5928
              ],
              [
                4.9358,
                28.6201
              ],
              [
                4.9444,
                28.6183
              ],
              [
                4.9384,
                28.6025
              ],
              [
                4.9317,
                28.5539
              ],
              [
                4.9433,
                28.5336
              ],
              [
                4.9337,
                28.5179
              ],
              [
                4.9583,
                28.5191
              ],
              [
                4.973,
                28.533
              ],
              [
                4.9974,
                28.5631
              ],
              [
                5.0276,
                28.5924
              ],
              [
                5.0783,
                28.6764
              ],
              [
                5.0898,
                28.7109
              ],
              [
                5.115,
                28.7541
              ],
              [
                5.1447,
                28.8122
              ],
              [
                5.1607,
                28.8295
              ],
              [
                5.1677,
                28.8232
              ],
              [
                5.1572,
                28.8009
              ],
              [
                5.1455,
                28.7817
              ],
              [
                5.1286,
                28.7591
              ],
              [
                5.1133,
                28.7231
              ],
              [
                5.0791,
                28.6599
              ],
              [
                5.071,
                28.6421
              ],
              [
                5.0374,
                28.5774
              ],
              [
                5.028,
                28.5509
              ],
              [
                5.0381,
                28.5437
              ],
              [
                5.0463,
                28.5456
              ],
              [
                5.0594,
                28.5853
              ],
              [
                5.0759,
                28.6189
              ],
              [
                5.1232,
                28.7026
              ],
              [
                5.1459,
                28.7455
              ],
              [
                5.1713,
                28.7795
              ],
              [
                5.1929,
                28.8132
              ],
              [
                5.2111,
                28.8764
              ],
              [
                5.2226,
                28.8995
              ],
              [
                5.2384,
                28.944
              ],
              [
                5.2606,
                29.0212
              ],
              [
                5.2741,
                29.0536
              ],
              [
                5.2908,
                29.1022
              ],
              [
                5.2918,
                29.1249
              ],
              [
                5.3078,
                29.1907
              ],
              [
                5.3069,
                29.2392
              ],
              [
                5.3086,
                29.274
              ],
              [
                5.3018,
                29.3151
              ],
              [
                5.3011,
                29.3723
              ],
              [
                5.2968,
                29.4037
              ],
              [
                5.3095,
                29.426
              ],
              [
                5.3167,
                29.4036
              ],
              [
                5.3282,
                29.395
              ],
              [
                5.3258,
                29.3455
              ],
              [
                5.3268,
                29.324
              ],
              [
                5.3339,
                29.2716
              ],
              [
                5.3351,
                29.2526
              ],
              [
                5.344,
                29.1892
              ],
              [
                5.3527,
                29.1481
              ],
              [
                5.3524,
                29.091
              ],
              [
                5.3443,
                29.0632
              ],
              [
                5.334,
                29.0373
              ],
              [
                5.3012,
                28.9757
              ],
              [
                5.2703,
                28.9245
              ],
              [
                5.2637,
                28.9042
              ],
              [
                5.2564,
                28.8914
              ],
              [
                5.2364,
                28.8429
              ],
              [
                5.2286,
                28.8123
              ],
              [
                5.2147,
                28.7899
              ],
              [
                5.1845,
                28.7457
              ],
              [
                5.1783,
                28.7249
              ],
              [
                5.1497,
                28.6716
              ],
              [
                5.1325,
                28.63
              ],
              [
                5.1147,
                28.5927
              ],
              [
                5.1126,
                28.5708
              ],
              [
                5.1143,
                28.5542
              ],
              [
                5.1404,
                28.5539
              ],
              [
                5.1407,
                28.5863
              ],
              [
                5.1569,
                28.6166
              ],
              [
                5.1595,
                28.629
              ],
              [
                5.1898,
                28.6975
              ],
              [
                5.2007,
                28.7192
              ],
              [
                5.2068,
                28.7001
              ],
              [
                5.2041,
                28.6716
              ],
              [
                5.1819,
                28.6038
              ],
              [
                5.1763,
                28.5907
              ],
              [
                5.1756,
                28.5664
              ],
              [
                5.1914,
                28.5467
              ],
              [
                5.2087,
                28.5397
              ],
              [
                5.2324,
                28.526
              ],
              [
                5.2254,
                28.552
              ],
              [
                5.2237,
                28.5744
              ],
              [
                5.2291,
                28.6483
              ],
              [
                5.2412,
                28.6373
              ],
              [
                5.2425,
                28.6
              ],
              [
                5.2456,
                28.5658
              ],
              [
                5.2525,
                28.5488
              ],
              [
                5.2637,
                28.5358
              ],
              [
                5.2758,
                28.5271
              ],
              [
                5.2828,
                28.5169
              ],
              [
                5.3185,
                28.5024
              ],
              [
                5.3311,
                28.4925
              ],
              [
                5.3426,
                28.4969
              ],
              [
                5.3382,
                28.5345
              ],
              [
                5.3565,
                28.602
              ],
              [
                5.3668,
                28.6502
              ],
              [
                5.3682,
                28.6858
              ],
              [
                5.3751,
                28.7243
              ],
              [
                5.3455,
                28.7147
              ],
              [
                5.327,
                28.684
              ],
              [
                5.3023,
                28.5978
              ],
              [
                5.2975,
                28.5719
              ],
              [
                5.2892,
                28.555
              ],
              [
                5.2796,
                28.5731
              ],
              [
                5.2789,
                28.6556
              ],
              [
                5.2693,
                28.6659
              ],
              [
                5.2631,
                28.6906
              ],
              [
                5.27,
                28.7189
              ],
              [
                5.305,
                28.7153
              ],
              [
                5.3071,
                28.799
              ],
              [
                5.3229,
                28.8435
              ],
              [
                5.3332,
                28.924
              ],
              [
                5.3579,
                28.9853
              ],
              [
                5.3634,
                29.0628
              ],
              [
                5.3943,
                29.1432
              ],
              [
                5.4053,
                29.2427
              ],
              [
                5.4128,
                29.2774
              ],
              [
                5.4128,
                29.3163
              ],
              [
                5.4025,
                29.3145
              ],
              [
                5.3902,
                29.2612
              ],
              [
                5.3799,
                29.2355
              ],
              [
                5.3737,
                29.2271
              ],
              [
                5.3703,
                29.2846
              ],
              [
                5.3826,
                29.3606
              ],
              [
                5.3991,
                29.4844
              ],
              [
                5.4369,
                29.5961
              ],
              [
                5.4472,
                29.6153
              ],
              [
                5.4671,
                29.629
              ],
              [
                5.4568,
                29.58
              ],
              [
                5.4396,
                29.5083
              ],
              [
                5.441,
                29.4492
              ],
              [
                5.4355,
                29.384
              ],
              [
                5.4321,
                29.3163
              ],
              [
                5.4382,
                29.3068
              ],
              [
                5.4856,
                29.4671
              ],
              [
                5.5076,
                29.5071
              ],
              [
                5.535,
                29.5735
              ],
              [
                5.5426,
                29.6188
              ],
              [
                5.5508,
                29.6564
              ],
              [
                5.557,
                29.5902
              ],
              [
                5.5474,
                29.5591
              ],
              [
                5.5364,
                29.5131
              ],
              [
                5.5138,
                29.4581
              ],
              [
                5.5069,
                29.4031
              ],
              [
                5.4932,
                29.3511
              ],
              [
                5.4829,
                29.3313
              ],
              [
                5.4698,
                29.3127
              ],
              [
                5.4506,
                29.2912
              ],
              [
                5.4698,
                29.1983
              ],
              [
                5.4726,
                29.154
              ],
              [
                5.4781,
                29.118
              ],
              [
                5.498,
                29.0916
              ],
              [
                5.4815,
                29.0394
              ],
              [
                5.4733,
                29.0039
              ],
              [
                5.43,
                28.8862
              ],
              [
                5.4307,
                28.8525
              ],
              [
                5.4169,
                28.817
              ],
              [
                5.395,
                28.7496
              ],
              [
                5.3888,
                28.7213
              ],
              [
                5.3929,
                28.6954
              ],
              [
                5.4115,
                28.6255
              ],
              [
                5.4149,
                28.5918
              ],
              [
                5.4087,
                28.5556
              ],
              [
                5.4115,
                28.5308
              ],
              [
                5.4245,
                28.5212
              ],
              [
                5.4355,
                28.5212
              ],
              [
                5.4293,
                28.5984
              ],
              [
                5.4355,
                28.6876
              ],
              [
                5.4465,
                28.7261
              ],
              [
                5.4705,
                28.7827
              ],
              [
                5.4973,
                28.9433
              ],
              [
                5.5144,
                29.0214
              ],
              [
                5.5275,
                29.1534
              ],
              [
                5.5254,
                29.1941
              ],
              [
                5.5261,
                29.2732
              ],
              [
                5.5357,
                29.2786
              ],
              [
                5.5556,
                29.2199
              ],
              [
                5.5714,
                29.1905
              ],
              [
                5.555,
                29.0898
              ],
              [
                5.5364,
                29.0388
              ],
              [
                5.5344,
                28.9853
              ],
              [
                5.5419,
                28.9463
              ],
              [
                5.5412,
                28.8447
              ],
              [
                5.5282,
                28.7713
              ],
              [
                5.5103,
                28.7231
              ],
              [
                5.4918,
                28.6828
              ],
              [
                5.4465,
                28.6077
              ],
              [
                5.4472,
                28.5713
              ],
              [
                5.4499,
                28.5348
              ],
              [
                5.4688,
                28.4971
              ],
              [
                5.5481,
                28.4647
              ],
              [
                5.6211,
                28.4696
              ]
            ]
          ],
          [
            [
              [
                6.5775,
                28.9416
              ],
              [
                6.5866,
                28.941
              ],
              [
                6.6035,
                28.9535
              ],
              [
                6.6163,
                28.9451
              ],
              [
                6.606,
                28.934
              ],
              [
                6.5872,
                28.9303
              ],
              [
                6.5856,
                28.9234
              ],
              [
                6.5971,
                28.9161
              ],
              [
                6.5887,
                28.8989
              ],
              [
                6.588,
                28.882
              ],
              [
                6.5836,
                28.875
              ],
              [
                6.5707,
                28.8787
              ],
              [
                6.5621,
                28.8883
              ],
              [
                6.5767,
                28.8896
              ],
              [
                6.5839,
                28.914
              ],
              [
                6.5653,
                28.9448
              ],
              [
                6.5557,
                28.9473
              ],
              [
                6.5488,
                28.9362
              ],
              [
                6.5682,
                28.9269
              ],
              [
                6.5749,
                28.9159
              ],
              [
                6.5701,
                28.9118
              ],
              [
                6.5547,
                28.9248
              ],
              [
                6.5436,
                28.9042
              ],
              [
                6.5311,
                28.9152
              ],
              [
                6.5268,
                28.9013
              ],
              [
                6.5105,
                28.8621
              ],
              [
                6.5108,
                28.8477
              ],
              [
                6.5064,
                28.8304
              ],
              [
                6.5169,
                28.8138
              ],
              [
                6.5092,
                28.7986
              ],
              [
                6.4994,
                28.7957
              ],
              [
                6.4857,
                28.7569
              ],
              [
                6.5203,
                28.7626
              ],
              [
                6.5091,
                28.7789
              ],
              [
                6.5051,
                28.795
              ],
              [
                6.5244,
                28.7987
              ],
              [
                6.5418,
                28.8132
              ],
              [
                6.5442,
                28.827
              ],
              [
                6.5551,
                28.8322
              ],
              [
                6.5535,
                28.8523
              ],
              [
                6.5373,
                28.8868
              ],
              [
                6.5557,
                28.8833
              ],
              [
                6.5484,
                28.868
              ],
              [
                6.5724,
                28.8707
              ],
              [
                6.5676,
                28.8525
              ],
              [
                6.5824,
                28.8548
              ],
              [
                6.5891,
                28.8679
              ],
              [
                6.5987,
                28.875
              ],
              [
                6.5951,
                28.8853
              ],
              [
                6.5964,
                28.9029
              ],
              [
                6.6046,
                28.9071
              ],
              [
                6.6128,
                28.8862
              ],
              [
                6.6216,
                28.8907
              ],
              [
                6.6365,
                28.9306
              ],
              [
                6.6254,
                28.9348
              ],
              [
                6.6248,
                28.9457
              ],
              [
                6.6457,
                28.9655
              ],
              [
                6.6399,
                29.0177
              ],
              [
                6.6523,
                29.0253
              ],
              [
                6.6467,
                29.0389
              ],
              [
                6.6442,
                29.0812
              ],
              [
                6.6302,
                29.1354
              ],
              [
                6.6241,
                29.2325
              ],
              [
                6.6213,
                29.3277
              ],
              [
                6.6124,
                29.36
              ],
              [
                6.5794,
                29.3876
              ],
              [
                6.5307,
                29.4516
              ],
              [
                6.5259,
                29.5012
              ],
              [
                6.5204,
                29.5442
              ],
              [
                6.4895,
                29.5812
              ],
              [
                6.5108,
                29.6379
              ],
              [
                6.5128,
                29.6833
              ],
              [
                6.5032,
                29.8263
              ],
              [
                6.508,
                29.8811
              ],
              [
                6.5314,
                29.9954
              ],
              [
                6.4778,
                29.9853
              ],
              [
                6.4854,
                29.9371
              ],
              [
                6.4833,
                29.8174
              ],
              [
                6.4799,
                29.7817
              ],
              [
                6.4778,
                29.7203
              ],
              [
                6.4744,
                29.6642
              ],
              [
                6.4552,
                29.5645
              ],
              [
                6.5032,
                29.4534
              ],
              [
                6.5362,
                29.4085
              ],
              [
                6.5698,
                29.3732
              ],
              [
                6.5836,
                29.3535
              ],
              [
                6.5712,
                29.2942
              ],
              [
                6.5554,
                29.2642
              ],
              [
                6.5293,
                29.293
              ],
              [
                6.5362,
                29.2702
              ],
              [
                6.5547,
                29.2379
              ],
              [
                6.5623,
                29.2121
              ],
              [
                6.5897,
                29.0934
              ],
              [
                6.5918,
                29.058
              ],
              [
                6.5822,
                29.0021
              ],
              [
                6.5738,
                28.9709
              ],
              [
                6.5775,
                28.9416
              ]
            ]
          ]
        ]
      }
    },
    {
      "type": "Feature",
      "properties": {
        "name": "Akakus-Tadrart",
        "category": "mountain_range",
        "countries": [
          "LY"
        ],
        "labelMinzoom": 5,
        "labelMinSize": 8,
        "labelMaxSize": 50,
        "labelRotation": -90
      },
      "geometry": {
        "type": "Polygon",
        "coordinates": [
          [
            [
              10.8384,
              24.763
            ],
            [
              10.803,
              24.8403
            ],
            [
              10.7693,
              24.9462
            ],
            [
              10.759,
              25.0166
            ],
            [
              10.7707,
              25.0834
            ],
            [
              10.7463,
              25.1652
            ],
            [
              10.653,
              25.249
            ],
            [
              10.6272,
              25.3105
            ],
            [
              10.6306,
              25.38
            ],
            [
              10.608,
              25.442
            ],
            [
              10.598,
              25.5505
            ],
            [
              10.561,
              25.5979
            ],
            [
              10.5338,
              25.6635
            ],
            [
              10.5204,
              25.7402
            ],
            [
              10.5084,
              25.8008
            ],
            [
              10.5029,
              25.8555
            ],
            [
              10.4365,
              25.8839
            ],
            [
              10.3656,
              25.8654
            ],
            [
              10.3532,
              25.7778
            ],
            [
              10.3759,
              25.7433
            ],
            [
              10.3737,
              25.733
            ],
            [
              10.3946,
              25.6671
            ],
            [
              10.4063,
              25.6127
            ],
            [
              10.3889,
              25.5477
            ],
            [
              10.3924,
              25.4628
            ],
            [
              10.3852,
              25.3847
            ],
            [
              10.3392,
              25.3028
            ],
            [
              10.3117,
              25.213
            ],
            [
              10.2829,
              25.1391
            ],
            [
              10.2647,
              25.0427
            ],
            [
              10.254,
              24.9702
            ],
            [
              10.231,
              24.907
            ],
            [
              10.2375,
              24.8248
            ],
            [
              10.2296,
              24.7902
            ],
            [
              10.2137,
              24.7019
            ],
            [
              10.226,
              24.6567
            ],
            [
              10.2777,
              24.5858
            ],
            [
              10.3677,
              24.549
            ],
            [
              10.4631,
              24.5446
            ],
            [
              10.4906,
              24.5196
            ],
            [
              10.5585,
              24.5883
            ],
            [
              10.5675,
              24.6402
            ],
            [
              10.6293,
              24.6882
            ],
            [
              10.7388,
              24.7156
            ],
            [
              10.8384,
              24.763
            ]
          ]
        ]
      }
    },
    {
      "type": "Feature",
      "properties": {
        "name": "Jebil National Park",
        "category": "national_park",
        "countries": [
          "TN"
        ]
      },
      "geometry": {
        "type": "Polygon",
        "coordinates": [
          [
            [
              9.1636,
              33.1442
            ],
            [
              9.103,
              33.1206
            ],
            [
              9.0161,
              33.0835
            ],
            [
              8.9965,
              33.0566
            ],
            [
              9.0466,
              33.0043
            ],
            [
              9.0788,
              33.0068
            ],
            [
              9.1193,
              33.0145
            ],
            [
              9.1427,
              33.0204
            ],
            [
              9.1375,
              33.0389
            ],
            [
              9.1464,
              33.0501
            ],
            [
              9.1513,
              33.0704
            ],
            [
              9.1836,
              33.099
            ],
            [
              9.1814,
              33.1249
            ],
            [
              9.1636,
              33.1442
            ]
          ]
        ]
      }
    },
    {
      "type": "Feature",
      "properties": {
        "name": "Hammada al-Hamra",
        "category": "plateu",
        "countries": [
          "LY"
        ],
        "labelMinzoom": 3,
        "labelMinSize": 5,
        "labelMaxSize": 50,
        "labelCoordinates": [
          12.8,
          29
        ]
      },
      "geometry": {
        "type": "Polygon",
        "coordinates": [
          [
            [
              11.72,
              28
            ],
            [
              16.28,
              28
            ],
            [
              16.28,
              29.72
            ],
            [
              11.72,
              29.72
            ],
            [
              11.72,
              28
            ]
          ]
        ]
      }
    },
    {
      "type": "Feature",
      "properties": {
        "name": "Mandara Seen",
        "category": "plateu",
        "countries": [
          "LY"
        ],
        "labelMinzoom": 5,
        "labelMinSize": 6,
        "labelMaxSize": 40,
        "labelCoordinates": [
          13.4,
          26.9
        ]
      },
      "geometry": {
        "type": "Polygon",
        "coordinates": [
          [
            [
              13.3882358,
              26.8287634
            ],
            [
              13.3213447,
              26.8142543
            ],
            [
              13.2426608,
              26.7580502
            ],
            [
              13.2341544,
              26.7037615
            ],
            [
              13.2508771,
              26.6792753
            ],
            [
              13.3242714,
              26.633609
            ],
            [
              13.4158179,
              26.6376445
            ],
            [
              13.5049943,
              26.6645643
            ],
            [
              13.5816403,
              26.7098033
            ],
            [
              13.6035937,
              26.750584
            ],
            [
              13.5962128,
              26.8087843
            ],
            [
              13.544135,
              26.8368307
            ],
            [
              13.4870504,
              26.8440192
            ],
            [
              13.3882358,
              26.8287634
            ]
          ]
        ]
      }
    },
    {
      "type": "Feature",
      "properties": {
        "name": "Messak Mellet",
        "category": "plateu",
        "countries": [
          "LY"
        ],
        "labelMinzoom": 6,
        "labelMinSize": 8,
        "labelMaxSize": 40,
        "labelRotation": -90
      },
      "geometry": {
        "type": "Polygon",
        "coordinates": [
          [
            [
              11.2529071,
              25.2639766
            ],
            [
              11.2169925,
              25.113371
            ],
            [
              11.2169964,
              24.947763
            ],
            [
              11.2300787,
              24.7374641
            ],
            [
              11.262728,
              24.5594842
            ],
            [
              11.2953813,
              24.3277419
            ],
            [
              11.3378266,
              24.1819502
            ],
            [
              11.458654,
              24.0837006
            ],
            [
              11.5502069,
              24.0867608
            ],
            [
              11.6252637,
              24.176065
            ],
            [
              11.700211,
              24.3663427
            ],
            [
              11.7491162,
              24.5474759
            ],
            [
              11.8143335,
              24.7757992
            ],
            [
              11.8306364,
              24.9534341
            ],
            [
              11.8469494,
              25.1662231
            ],
            [
              11.8306369,
              25.2518243
            ],
            [
              11.6773365,
              25.3283903
            ],
            [
              11.4913537,
              25.3343747
            ],
            [
              11.3280373,
              25.3346882
            ],
            [
              11.2529071,
              25.2639766
            ]
          ]
        ]
      }
    },
    {
      "type": "Feature",
      "properties": {
        "name": "Messak Settafet",
        "category": "plateu",
        "countries": [
          "LY"
        ],
        "labelMinzoom": 6,
        "labelMinSize": 8,
        "labelMaxSize": 40,
        "labelRotation": -45
      },
      "geometry": {
        "type": "Polygon",
        "coordinates": [
          [
            [
              11.9399433,
              25.2764693
            ],
            [
              11.6242551,
              25.2764567
            ],
            [
              11.3623254,
              25.3217329
            ],
            [
              11.25442,
              25.3843939
            ],
            [
              11.2004657,
              25.4783179
            ],
            [
              11.1966015,
              25.579115
            ],
            [
              11.2312732,
              25.7075834
            ],
            [
              11.3045514,
              25.8912521
            ],
            [
              11.3699474,
              25.9848611
            ],
            [
              11.5856094,
              26.133702
            ],
            [
              11.7666303,
              26.2686021
            ],
            [
              11.9784958,
              26.3894065
            ],
            [
              12.1287577,
              26.4240495
            ],
            [
              12.352166,
              26.4515545
            ],
            [
              12.4675747,
              26.433996
            ],
            [
              12.5754223,
              26.4029769
            ],
            [
              12.7180073,
              26.3237211
            ],
            [
              12.7527157,
              26.240886
            ],
            [
              12.7257743,
              26.1406734
            ],
            [
              12.598653,
              25.9849548
            ],
            [
              12.4560831,
              25.9086988
            ],
            [
              12.3328202,
              25.849773
            ],
            [
              12.1825724,
              25.7630239
            ],
            [
              12.1132439,
              25.7005612
            ],
            [
              12.051621,
              25.6102918
            ],
            [
              12.036212,
              25.5095387
            ],
            [
              12.0208111,
              25.3600111
            ],
            [
              11.9399433,
              25.2764693
            ]
          ]
        ]
      }
    }
  ]
}